-- phpMyAdmin SQL Dump
-- version 4.2.7.1
-- http://www.phpmyadmin.net
--
-- Host: 127.0.0.1
-- Generation Time: 15 Des 2017 pada 01.22
-- Versi Server: 5.6.20
-- PHP Version: 5.5.15

SET SQL_MODE = "NO_AUTO_VALUE_ON_ZERO";
SET time_zone = "+00:00";


/*!40101 SET @OLD_CHARACTER_SET_CLIENT=@@CHARACTER_SET_CLIENT */;
/*!40101 SET @OLD_CHARACTER_SET_RESULTS=@@CHARACTER_SET_RESULTS */;
/*!40101 SET @OLD_COLLATION_CONNECTION=@@COLLATION_CONNECTION */;
/*!40101 SET NAMES utf8 */;

--
-- Database: `ci_gemasahabat`
--

-- --------------------------------------------------------

--
-- Struktur dari tabel `desa`
--

CREATE TABLE IF NOT EXISTS `desa` (
  `DES_ID` varchar(25) NOT NULL,
  `KEC_ID` varchar(25) NOT NULL,
  `DES_NAMA` varchar(25) DEFAULT NULL
) ENGINE=InnoDB DEFAULT CHARSET=latin1;

--
-- Dumping data untuk tabel `desa`
--

INSERT INTO `desa` (`DES_ID`, `KEC_ID`, `DES_NAMA`) VALUES
('DES-0001', 'KEC-0001', 'Asem Jaran'),
('DES-0002', 'KEC-0001', 'Banyuates'),
('DES-0003', 'KEC-0001', 'Batioh'),
('DES-0004', 'KEC-0001', 'Jatra Timur'),
('DES-0005', 'KEC-0001', 'Kembang Jeruk'),
('DES-0006', 'KEC-0001', 'Lar Lar'),
('DES-0007', 'KEC-0001', 'Masaran'),
('DES-0008', 'KEC-0001', 'Montor'),
('DES-0009', 'KEC-0001', 'Morbatoh'),
('DES-0010', 'KEC-0001', 'Nagasareh'),
('DES-0011', 'KEC-0001', 'Nepa'),
('DES-0012', 'KEC-0001', 'Olor'),
('DES-0013', 'KEC-0001', 'Planggaran Barat'),
('DES-0014', 'KEC-0001', 'Planggaran Timur'),
('DES-0015', 'KEC-0001', 'Tapaan'),
('DES-0016', 'KEC-0001', 'Tabanah'),
('DES-0017', 'KEC-0001', 'Terosan'),
('DES-0018', 'KEC-0001', 'Tlagah'),
('DES-0019', 'KEC-0001', 'Tolang'),
('DES-0020', 'KEC-0001', 'Trapang'),
('DES-0021', 'KEC-0002', 'Anggersek'),
('DES-0022', 'KEC-0002', 'Banjar Tabulu'),
('DES-0023', 'KEC-0002', 'Banjar Talela'),
('DES-0024', 'KEC-0002', 'Batu Karang'),
('DES-0025', 'KEC-0002', 'Dharma Camplong'),
('DES-0026', 'KEC-0002', 'Dharma Tanjung'),
('DES-0027', 'KEC-0002', 'Madupat'),
('DES-0028', 'KEC-0002', 'Pamolaan'),
('DES-0029', 'KEC-0002', 'Plampaan'),
('DES-0030', 'KEC-0002', 'Prajjan'),
('DES-0031', 'KEC-0002', 'Rabasan'),
('DES-0032', 'KEC-0002', 'Sejati'),
('DES-0033', 'KEC-0002', 'Taddan'),
('DES-0034', 'KEC-0002', 'Tambaan'),
('DES-0035', 'KEC-0003', 'Asem Nonggal'),
('DES-0036', 'KEC-0003', 'Asem Raja'),
('DES-0037', 'KEC-0003', 'Bancelok'),
('DES-0038', 'KEC-0003', 'Buker'),
('DES-0039', 'KEC-0003', 'Jrengik'),
('DES-0040', 'KEC-0003', 'Jungkarang'),
('DES-0041', 'KEC-0003', 'Kalangan prao'),
('DES-0042', 'KEC-0003', 'Kotah'),
('DES-0043', 'KEC-0003', 'Majangan'),
('DES-0044', 'KEC-0003', 'Margantoko'),
('DES-0045', 'KEC-0003', 'Mlaka'),
('DES-0046', 'KEC-0003', 'Penyepen'),
('DES-0047', 'KEC-0003', 'Plakaran'),
('DES-0048', 'KEC-0003', 'Taman'),
('DES-0049', 'KEC-0004', 'Bluuran (Blu Uran)'),
('DES-0050', 'KEC-0004', 'Bulmatet'),
('DES-0051', 'KEC-0004', 'Gunung Kesan'),
('DES-0052', 'KEC-0004', 'Karang Penang Oloh'),
('DES-0053', 'KEC-0004', 'Karang Penang Onjur'),
('DES-0054', 'KEC-0004', 'Poreh'),
('DES-0055', 'KEC-0004', 'Tlambah'),
('DES-0056', 'KEC-0005', 'Bajrasokah'),
('DES-0057', 'KEC-0005', 'Banjar'),
('DES-0058', 'KEC-0005', 'Banyukapah'),
('DES-0059', 'KEC-0005', 'Batuporo Barat'),
('DES-0060', 'KEC-0005', 'Batuporo Timur'),
('DES-0061', 'KEC-0005', 'Daleman'),
('DES-0062', 'KEC-0005', 'Ganung Eleh'),
('DES-0063', 'KEC-0005', 'Kedundung'),
('DES-0064', 'KEC-0005', 'Komis'),
('DES-0065', 'KEC-0005', 'Kramat'),
('DES-0066', 'KEC-0005', 'Muktesareh'),
('DES-0067', 'KEC-0005', 'Nyeloh'),
('DES-0068', 'KEC-0005', 'Ombul'),
('DES-0069', 'KEC-0005', 'Pajeruan'),
('DES-0070', 'KEC-0005', 'Palenggiyan (Palenggian)'),
('DES-0071', 'KEC-0005', 'Pasarenan'),
('DES-0072', 'KEC-0005', 'Rabasan'),
('DES-0073', 'KEC-0005', 'Rohayu'),
('DES-0074', 'KEC-0006', 'Banyusokah'),
('DES-0075', 'KEC-0006', 'Bira Barat'),
('DES-0076', 'KEC-0006', 'Bunten Barat'),
('DES-0077', 'KEC-0006', 'Bunten Timur'),
('DES-0078', 'KEC-0006', 'Karang Anyar'),
('DES-0079', 'KEC-0006', 'Ketapang Barat'),
('DES-0080', 'KEC-0006', 'Ketapang Daya'),
('DES-0081', 'KEC-0006', 'Ketapang Laok'),
('DES-0082', 'KEC-0006', 'Ketapang Timur'),
('DES-0083', 'KEC-0006', 'Pancor'),
('DES-0084', 'KEC-0006', 'Pangereman'),
('DES-0085', 'KEC-0006', 'Paopale Daya'),
('DES-0086', 'KEC-0006', 'Paopale Laok'),
('DES-0087', 'KEC-0006', 'Rabiyan'),
('DES-0088', 'KEC-0007', 'Angsokah'),
('DES-0089', 'KEC-0007', 'Astapah'),
('DES-0090', 'KEC-0007', 'Gersempal'),
('DES-0091', 'KEC-0007', 'Jrangoan'),
('DES-0092', 'KEC-0007', 'Kamondung'),
('DES-0093', 'KEC-0007', 'Karang Gayam'),
('DES-0094', 'KEC-0007', 'Karang Nangger'),
('DES-0095', 'KEC-0007', 'Kebun Sareh'),
('DES-0096', 'KEC-0007', 'Madulang'),
('DES-0097', 'KEC-0007', 'Meteng'),
('DES-0098', 'KEC-0007', 'Napo Daya (Napa Daya)'),
('DES-0099', 'KEC-0007', 'Napo Laok (Napa Laok)'),
('DES-0100', 'KEC-0007', 'Omben'),
('DES-0101', 'KEC-0007', 'Pandan'),
('DES-0102', 'KEC-0007', 'Rapa Daya'),
('DES-0103', 'KEC-0007', 'Rapa Laok'),
('DES-0104', 'KEC-0007', 'Rongdalem (Rongdalam)'),
('DES-0105', 'KEC-0007', 'Sogiyan (Sogian)'),
('DES-0106', 'KEC-0007', 'Tambak'),
('DES-0107', 'KEC-0007', 'Temoran'),
('DES-0108', 'KEC-0008', 'Apaan'),
('DES-0109', 'KEC-0008', 'Gulbung'),
('DES-0110', 'KEC-0008', 'Pacanggaan'),
('DES-0111', 'KEC-0008', 'Pangarengan'),
('DES-0112', 'KEC-0008', 'Panyerangan (Panyirangan)'),
('DES-0113', 'KEC-0008', 'Ragung'),
('DES-0114', 'KEC-0009', 'Bapelle'),
('DES-0115', 'KEC-0009', 'Gunung Rancak'),
('DES-0116', 'KEC-0009', 'Jelgung'),
('DES-0117', 'KEC-0009', 'Lepelle'),
('DES-0118', 'KEC-0009', 'Pandiyangan'),
('DES-0119', 'KEC-0009', 'Robatal'),
('DES-0120', 'KEC-0009', 'Sawah Tengah'),
('DES-0121', 'KEC-0009', 'Torjunan'),
('DES-0122', 'KEC-0009', 'Tragih'),
('DES-0123', 'KEC-0010', 'Dalpenang'),
('DES-0124', 'KEC-0010', 'Polagan'),
('DES-0125', 'KEC-0010', 'Aeng sareh'),
('DES-0126', 'KEC-0010', 'Banyuanyar'),
('DES-0127', 'KEC-0010', 'Banyumas'),
('DES-0128', 'KEC-0010', 'Baruh'),
('DES-0129', 'KEC-0010', 'Gunung Maddah'),
('DES-0130', 'KEC-0010', 'Gunung Sekar'),
('DES-0131', 'KEC-0010', 'Kamoning'),
('DES-0132', 'KEC-0010', 'Karang Dalem'),
('DES-0133', 'KEC-0010', 'Pangelen'),
('DES-0134', 'KEC-0010', 'Panggung'),
('DES-0135', 'KEC-0010', 'Paseyan'),
('DES-0136', 'KEC-0010', 'Pekalongan (Pakalongan)'),
('DES-0137', 'KEC-0010', 'Pulau Mandangin (Mandangi'),
('DES-0138', 'KEC-0010', 'Rong Tengah'),
('DES-0139', 'KEC-0010', 'Taman Sareh'),
('DES-0140', 'KEC-0010', 'Tanggumong'),
('DES-0141', 'KEC-0011', 'Bira Tengah'),
('DES-0142', 'KEC-0011', 'Bira Timur'),
('DES-0143', 'KEC-0011', 'Sokobenah Daya'),
('DES-0144', 'KEC-0011', 'Sokobenah Laok'),
('DES-0145', 'KEC-0011', 'Sokobenah Tengah'),
('DES-0146', 'KEC-0011', 'Tamberu Barat'),
('DES-0147', 'KEC-0011', 'Tamberu Daya'),
('DES-0148', 'KEC-0011', 'Tamberu Laok'),
('DES-0149', 'KEC-0011', 'Tamberu Timur'),
('DES-0150', 'KEC-0011', 'Tobai Barat'),
('DES-0151', 'KEC-0011', 'Tobai Tengah'),
('DES-0152', 'KEC-0011', 'Tobai Timur'),
('DES-0153', 'KEC-0012', 'Bangsah'),
('DES-0154', 'KEC-0012', 'Bundah'),
('DES-0155', 'KEC-0012', 'Disanah'),
('DES-0156', 'KEC-0012', 'Junuk (Junok)'),
('DES-0157', 'KEC-0012', 'Klobur'),
('DES-0158', 'KEC-0012', 'Labang'),
('DES-0159', 'KEC-0012', 'Labuhan'),
('DES-0160', 'KEC-0012', 'Marparan'),
('DES-0161', 'KEC-0012', 'Noreh'),
('DES-0162', 'KEC-0012', 'Plasah'),
('DES-0163', 'KEC-0012', 'Sreseh'),
('DES-0164', 'KEC-0012', 'Taman'),
('DES-0165', 'KEC-0013', 'Banjar Billah'),
('DES-0166', 'KEC-0013', 'Barung Gagah'),
('DES-0167', 'KEC-0013', 'Batorasang (Baturasang)'),
('DES-0168', 'KEC-0013', 'Beringin (Bringin)'),
('DES-0169', 'KEC-0013', 'Birem'),
('DES-0170', 'KEC-0013', 'Karang Anyar'),
('DES-0171', 'KEC-0013', 'Mambulu Barat'),
('DES-0172', 'KEC-0013', 'Samaran'),
('DES-0173', 'KEC-0013', 'Somber'),
('DES-0174', 'KEC-0013', 'Tambelangan'),
('DES-0175', 'KEC-0014', 'Bringin Nonggal'),
('DES-0176', 'KEC-0014', 'Dulang'),
('DES-0177', 'KEC-0014', 'Jeruk Porot'),
('DES-0178', 'KEC-0014', 'Kanjar'),
('DES-0179', 'KEC-0014', 'Kara'),
('DES-0180', 'KEC-0014', 'Kodak'),
('DES-0181', 'KEC-0014', 'Krampon'),
('DES-0182', 'KEC-0014', 'Pangongsean'),
('DES-0183', 'KEC-0014', 'Patapan'),
('DES-0184', 'KEC-0014', 'Patarongan'),
('DES-0185', 'KEC-0014', 'Tanah Merah'),
('DES-0186', 'KEC-0014', 'Torjun');

-- --------------------------------------------------------

--
-- Struktur dari tabel `dusun`
--

CREATE TABLE IF NOT EXISTS `dusun` (
  `DUS_ID` varchar(25) NOT NULL,
  `DES_ID` varchar(25) NOT NULL,
  `DUS_NAMA` varchar(25) DEFAULT NULL
) ENGINE=InnoDB DEFAULT CHARSET=latin1;

--
-- Dumping data untuk tabel `dusun`
--

INSERT INTO `dusun` (`DUS_ID`, `DES_ID`, `DUS_NAMA`) VALUES
('ALA-0001', 'DES-0012', 'BAIH'),
('ALA-0002', 'DES-0012', 'BAJUR'),
('ALA-0003', 'DES-0012', 'KOKAP'),
('ALA-0004', 'DES-0012', 'KOMEREH'),
('ALA-0005', 'DES-0012', 'OLOR'),
('ALA-0006', 'DES-0012', 'PAETENGAN'),
('ALA-0007', 'DES-0012', 'RENGPERENG'),
('ALA-0008', 'DES-0001', 'PANGGA'),
('ALA-0009', 'DES-0001', 'LANDUNG'),
('ALA-0010', 'DES-0001', 'MINIAN'),
('ALA-0011', 'DES-0001', 'NONG TENGA'),
('ALA-0012', 'DES-0001', 'TLANDUNG'),
('ALA-0013', 'DES-0002', 'BAN OBANAN'),
('ALA-0014', 'DES-0002', 'KARANG BARAT'),
('ALA-0015', 'DES-0002', 'KARANG TIMUR'),
('ALA-0016', 'DES-0002', 'MANDEMAN DAYA'),
('ALA-0017', 'DES-0002', 'MANDEMAN LAOK'),
('ALA-0018', 'DES-0003', 'BATIOH'),
('ALA-0019', 'DES-0003', 'DUWA ASSEN'),
('ALA-0020', 'DES-0003', 'GENDUNGAN'),
('ALA-0021', 'DES-0003', 'KAPASAN'),
('ALA-0022', 'DES-0003', 'LONSELLENG'),
('ALA-0023', 'DES-0003', 'WA DUWA'),
('ALA-0024', 'DES-0004', 'DUNGGADUNG'),
('ALA-0025', 'DES-0004', 'GALIS/JATRA'),
('ALA-0026', 'DES-0004', 'SEMBUNG'),
('ALA-0027', 'DES-0005', 'JILBUD'),
('ALA-0028', 'DES-0005', 'BERINGIN'),
('ALA-0029', 'DES-0005', 'KROJAH'),
('ALA-0030', 'DES-0005', 'PANDIAN'),
('ALA-0031', 'DES-0005', 'TOBATOH'),
('ALA-0032', 'DES-0005', 'TOBENTAR'),
('ALA-0033', 'DES-0006', 'BADAUH'),
('ALA-0034', 'DES-0006', 'DURBUGAN'),
('ALA-0035', 'DES-0006', 'GALIS'),
('ALA-0036', 'DES-0006', 'KAJU ABU DAYA'),
('ALA-0037', 'DES-0006', 'KAJU ABU LAOK'),
('ALA-0038', 'DES-0006', 'LAR LAR BARAT'),
('ALA-0039', 'DES-0006', 'LONGSOR'),
('ALA-0040', 'DES-0007', 'JABLUNG'),
('ALA-0041', 'DES-0007', 'JURGANG BARAT'),
('ALA-0042', 'DES-0007', 'JURGANG TIMUR'),
('ALA-0043', 'DES-0007', 'MASARAN'),
('ALA-0044', 'DES-0007', 'RAM ARAM'),
('ALA-0045', 'DES-0008', 'BEREK SABE'),
('ALA-0046', 'DES-0008', 'BRUMBUNG'),
('ALA-0047', 'DES-0008', 'KOLBUKKOL'),
('ALA-0048', 'DES-0008', 'KORBUKOR'),
('ALA-0049', 'DES-0008', 'PLARBAAN'),
('ALA-0050', 'DES-0008', 'POKOLAN'),
('ALA-0051', 'DES-0008', 'SABE JERUK'),
('ALA-0052', 'DES-0009', 'BANYUNING BARAT'),
('ALA-0053', 'DES-0009', 'BANYUNING TIMUR'),
('ALA-0054', 'DES-0009', 'KARANG NANGKA'),
('ALA-0055', 'DES-0009', 'MORBATOH'),
('ALA-0056', 'DES-0009', 'ORO'),
('ALA-0057', 'DES-0009', 'PARCAPAR'),
('ALA-0058', 'DES-0009', 'TEJETEH'),
('ALA-0059', 'DES-0010', 'AENG CELLEP'),
('ALA-0060', 'DES-0010', 'BALANJENG'),
('ALA-0061', 'DES-0010', 'MORSONGAI'),
('ALA-0062', 'DES-0010', 'NAGASAREH'),
('ALA-0063', 'DES-0010', 'SABAGAH'),
('ALA-0064', 'DES-0011', 'MANANGGUH'),
('ALA-0065', 'DES-0011', 'NEPA'),
('ALA-0066', 'DES-0011', 'SENNENG'),
('ALA-0067', 'DES-0013', 'JU AMPET'),
('ALA-0068', 'DES-0013', 'SEDDANG'),
('ALA-0069', 'DES-0013', 'TAPOSAN'),
('ALA-0070', 'DES-0014', 'BATEKKE'),
('ALA-0071', 'DES-0014', 'JU AMPET'),
('ALA-0072', 'DES-0014', 'KERTAKER'),
('ALA-0073', 'DES-0015', 'GUMORONG'),
('ALA-0074', 'DES-0015', 'KALIAN'),
('ALA-0075', 'DES-0015', 'TAPAAN TENGAH'),
('ALA-0076', 'DES-0015', 'TAPAAN TIMUR'),
('ALA-0077', 'DES-0016', 'KARANG ANYAR'),
('ALA-0078', 'DES-0016', 'MAROMBUK BARAT'),
('ALA-0079', 'DES-0016', 'MAROMBUK TIMUR'),
('ALA-0080', 'DES-0016', 'TEBANAH'),
('ALA-0081', 'DES-0017', 'AENG NYONOK'),
('ALA-0082', 'DES-0017', 'BANBAN'),
('ALA-0083', 'DES-0017', 'RATAH'),
('ALA-0084', 'DES-0017', 'SELBAT'),
('ALA-0085', 'DES-0017', 'SENDANG'),
('ALA-0086', 'DES-0017', 'TEARAH'),
('ALA-0087', 'DES-0017', 'TEROSAN'),
('ALA-0088', 'DES-0018', 'BRINGKONING'),
('ALA-0089', 'DES-0018', 'LONSABA'),
('ALA-0090', 'DES-0018', 'MOROMBUK'),
('ALA-0091', 'DES-0018', 'PANGKANGKANG'),
('ALA-0092', 'DES-0018', 'SOMBER KENANGAH'),
('ALA-0093', 'DES-0018', 'TLAGAH BARAT'),
('ALA-0094', 'DES-0018', 'TLAGAH TIMUR'),
('ALA-0095', 'DES-0018', 'TUGURAN'),
('ALA-0096', 'DES-0019', 'BRANGKAK'),
('ALA-0097', 'DES-0019', 'PANDIYAN'),
('ALA-0098', 'DES-0019', 'TENGGINAH DAYA'),
('ALA-0099', 'DES-0019', 'TENGGINAH LAOK'),
('ALA-0100', 'DES-0019', 'TRETAH'),
('ALA-0101', 'DES-0020', 'DUWA BUTER'),
('ALA-0102', 'DES-0020', 'KLOMPEK'),
('ALA-0103', 'DES-0020', 'LOBUK'),
('ALA-0104', 'DES-0020', 'PANGGA'),
('ALA-0105', 'DES-0020', 'SRONGGA'),
('ALA-0106', 'DES-0021', 'BATU KERAS'),
('ALA-0107', 'DES-0021', 'GERSEK'),
('ALA-0108', 'DES-0021', 'GUNDAL'),
('ALA-0109', 'DES-0021', 'RONG RONG'),
('ALA-0110', 'DES-0022', 'BANJAR TENGAH'),
('ALA-0111', 'DES-0022', 'BARAT SUNGAI'),
('ALA-0112', 'DES-0022', 'GANG PAO'),
('ALA-0113', 'DES-0022', 'LEKNANDE'),
('ALA-0114', 'DES-0022', 'REMBENG'),
('ALA-0115', 'DES-0022', 'ROSONG'),
('ALA-0116', 'DES-0022', 'TABULU'),
('ALA-0117', 'DES-0023', 'CEMKEREP'),
('ALA-0118', 'DES-0023', 'GELURAN'),
('ALA-0119', 'DES-0023', 'GUNG DALEM'),
('ALA-0120', 'DES-0023', 'TALELA'),
('ALA-0121', 'DES-0023', 'TAMAN SAREH'),
('ALA-0122', 'DES-0024', 'KARANG DADAK'),
('ALA-0123', 'DES-0024', 'KARANG NANGKAH'),
('ALA-0124', 'DES-0024', 'KARANG SAMBIH'),
('ALA-0125', 'DES-0024', 'RANJINGAN BARAT'),
('ALA-0126', 'DES-0024', 'RANJINGAN TIMUR'),
('ALA-0127', 'DES-0025', 'KARANGLOH '),
('ALA-0128', 'DES-0025', 'DHARMA'),
('ALA-0129', 'DES-0025', 'LENGSER'),
('ALA-0130', 'DES-0025', 'LOLORAN'),
('ALA-0131', 'DES-0025', 'PESISIR BARAT'),
('ALA-0132', 'DES-0025', 'PESISIR TIMUR'),
('ALA-0133', 'DES-0025', 'POTERAN'),
('ALA-0134', 'DES-0026', 'DAMAN'),
('ALA-0135', 'DES-0026', 'DANGKAL'),
('ALA-0136', 'DES-0026', 'MAJANG'),
('ALA-0137', 'DES-0026', 'MANCENG'),
('ALA-0138', 'DES-0026', 'PANDIAN'),
('ALA-0139', 'DES-0026', 'TANJUNG'),
('ALA-0140', 'DES-0027', 'BRUNGBUNG'),
('ALA-0141', 'DES-0027', 'GUBER'),
('ALA-0142', 'DES-0027', 'KAMPADANG'),
('ALA-0143', 'DES-0027', 'KARANG MANUK'),
('ALA-0144', 'DES-0027', 'TENGKET'),
('ALA-0145', 'DES-0028', 'KWANYAR'),
('ALA-0146', 'DES-0028', 'MONCONG'),
('ALA-0147', 'DES-0028', 'PANCOR'),
('ALA-0148', 'DES-0028', 'POLAI'),
('ALA-0149', 'DES-0028', 'SEMAAN'),
('ALA-0150', 'DES-0028', 'TANGKETANG'),
('ALA-0151', 'DES-0029', 'AMPARAH'),
('ALA-0152', 'DES-0029', 'KARANG SAMBIH'),
('ALA-0153', 'DES-0029', 'LAMPEK'),
('ALA-0154', 'DES-0029', 'PANGBETES'),
('ALA-0155', 'DES-0029', 'TABATAH'),
('ALA-0156', 'DES-0029', 'TEBANAH'),
('ALA-0157', 'DES-0030', 'PRAJJAN DHAJAH'),
('ALA-0158', 'DES-0030', 'PRAJJAN LAOK'),
('ALA-0159', 'DES-0031', 'DURBUGAN'),
('ALA-0160', 'DES-0031', 'GENDIS'),
('ALA-0161', 'DES-0031', 'KOMARONG'),
('ALA-0162', 'DES-0031', 'RABASAN SELATAN'),
('ALA-0163', 'DES-0031', 'RABASAN TIMUR'),
('ALA-0164', 'DES-0031', 'TANGKETANG'),
('ALA-0165', 'DES-0032', 'BUNUT'),
('ALA-0166', 'DES-0032', 'GRUGGAK'),
('ALA-0167', 'DES-0032', 'LAMBATOR'),
('ALA-0168', 'DES-0032', 'MANDALA'),
('ALA-0169', 'DES-0032', 'SLABAYAN'),
('ALA-0170', 'DES-0032', 'TEROSAN'),
('ALA-0171', 'DES-0033', 'BARGUH'),
('ALA-0172', 'DES-0033', 'BATES'),
('ALA-0173', 'DES-0033', 'RABAJATEH'),
('ALA-0174', 'DES-0033', 'TADDAN TENGAH'),
('ALA-0175', 'DES-0034', 'GAYAM'),
('ALA-0176', 'DES-0034', 'PATEMON'),
('ALA-0177', 'DES-0034', 'PESISIR'),
('ALA-0178', 'DES-0034', 'SOROGEN'),
('ALA-0179', 'DES-0034', 'TAMBAS'),
('ALA-0180', 'DES-0034', 'TENGGINAH'),
('ALA-0181', 'DES-0035', 'LENGGANAH'),
('ALA-0182', 'DES-0035', 'PENDEH'),
('ALA-0183', 'DES-0035', 'TOPAK'),
('ALA-0184', 'DES-0036', 'NGABARAN'),
('ALA-0185', 'DES-0036', 'SAESAH'),
('ALA-0186', 'DES-0036', 'RANGIRANG'),
('ALA-0187', 'DES-0037', 'BANCELOK DY'),
('ALA-0188', 'DES-0037', 'BATES'),
('ALA-0189', 'DES-0037', 'BULABUH'),
('ALA-0190', 'DES-0037', 'KEPAY'),
('ALA-0191', 'DES-0037', 'MESJID'),
('ALA-0192', 'DES-0038', 'BANGOY'),
('ALA-0193', 'DES-0038', 'BRANJANG'),
('ALA-0194', 'DES-0038', 'BUKER'),
('ALA-0195', 'DES-0038', 'RATAH'),
('ALA-0196', 'DES-0038', 'TAROGAN'),
('ALA-0197', 'DES-0039', 'ANDUNG'),
('ALA-0198', 'DES-0039', 'Jrengik'),
('ALA-0199', 'DES-0039', 'NONGKO''AN'),
('ALA-0200', 'DES-0039', 'SUMBER KUNING'),
('ALA-0201', 'DES-0040', 'AIR MATA'),
('ALA-0202', 'DES-0040', 'BANDUNGAN'),
('ALA-0203', 'DES-0040', 'BRAMBANGAN'),
('ALA-0204', 'DES-0040', 'JUNGKARANG'),
('ALA-0205', 'DES-0040', 'TENGKAR'),
('ALA-0206', 'DES-0041', 'DAJAH EMBONG'),
('ALA-0207', 'DES-0041', 'LAOK EMBONG'),
('ALA-0208', 'DES-0042', 'DAMPOL TEMOR'),
('ALA-0209', 'DES-0042', 'GINDAJAH'),
('ALA-0210', 'DES-0042', 'KOTAH'),
('ALA-0211', 'DES-0042', 'MAGUNG'),
('ALA-0212', 'DES-0042', 'PONG TENGAH'),
('ALA-0213', 'DES-0043', 'LEMBUNG'),
('ALA-0214', 'DES-0043', 'PLAJANGAN'),
('ALA-0215', 'DES-0043', 'TEKALONG'),
('ALA-0216', 'DES-0044', 'GANDIH'),
('ALA-0217', 'DES-0044', 'MANIS'),
('ALA-0218', 'DES-0044', 'SALLOK'),
('ALA-0219', 'DES-0045', 'DURIN'),
('ALA-0220', 'DES-0045', 'LEMBUNG'),
('ALA-0221', 'DES-0045', 'MLAKA'),
('ALA-0222', 'DES-0045', 'PANDERUK'),
('ALA-0223', 'DES-0046', 'BAKBATOH'),
('ALA-0224', 'DES-0046', 'BRATAN'),
('ALA-0225', 'DES-0046', 'PANYIBURAN'),
('ALA-0226', 'DES-0046', 'TA''BAN'),
('ALA-0227', 'DES-0046', 'TALIAN'),
('ALA-0228', 'DES-0047', 'BULUNGAN'),
('ALA-0229', 'DES-0047', 'NANGGER'),
('ALA-0230', 'DES-0047', 'PLAKARAN TIMUR'),
('ALA-0231', 'DES-0048', 'JIKEN'),
('ALA-0232', 'DES-0048', 'TAMAN'),
('ALA-0233', 'DES-0048', 'TANJUNG'),
('ALA-0234', 'DES-0049', 'ANGSANA BARAT'),
('ALA-0235', 'DES-0049', 'ANGSANA TIMUR'),
('ALA-0236', 'DES-0049', 'BUKTANA BARAT'),
('ALA-0237', 'DES-0049', 'BUKTANA TIMUR'),
('ALA-0238', 'DES-0049', 'GADING DAYA'),
('ALA-0239', 'DES-0049', 'GADING LAOK'),
('ALA-0240', 'DES-0049', 'NAGASARI BARAT'),
('ALA-0241', 'DES-0049', 'NAGASARI TIMUR'),
('ALA-0242', 'DES-0049', 'SEKOLAN'),
('ALA-0243', 'DES-0050', 'GRUNGGUNGAN BARAT'),
('ALA-0244', 'DES-0050', 'GRUNGGUNGAN TIMUR'),
('ALA-0245', 'DES-0050', 'KOMBANGAN BARAT'),
('ALA-0246', 'DES-0050', 'KOMBANGAN TIMUR'),
('ALA-0247', 'DES-0051', 'BENGLANDEK'),
('ALA-0248', 'DES-0051', 'DUNG GEDUNG'),
('ALA-0249', 'DES-0051', 'GUNUNG BARAT'),
('ALA-0250', 'DES-0051', 'GUNUNG KESAN'),
('ALA-0251', 'DES-0051', 'GUNUNG TIMUR'),
('ALA-0252', 'DES-0051', 'PANATAT'),
('ALA-0253', 'DES-0051', 'PERENG SERAJE'),
('ALA-0254', 'DES-0052', 'BUNGCARBE'),
('ALA-0255', 'DES-0052', 'BUNGCARBE RT 13 RW 06'),
('ALA-0256', 'DES-0052', 'BUNGCARBE RT 14 RW 06'),
('ALA-0257', 'DES-0052', 'BUNGCARBE RT 15 RW 06'),
('ALA-0258', 'DES-0052', 'BUNGCARBE RT 16 RW 06'),
('ALA-0259', 'DES-0052', 'DUWE ONDUNG'),
('ALA-0260', 'DES-0052', 'DUWE ONDUNG RT 01 RW 01'),
('ALA-0261', 'DES-0052', 'JA AH 1'),
('ALA-0262', 'DES-0052', 'JA AH 2'),
('ALA-0263', 'DES-0052', 'NYIK NYIK'),
('ALA-0264', 'DES-0052', 'NYIK NYIK RT 07 RW 03'),
('ALA-0265', 'DES-0052', 'NYIK NYIK RT 08 RW 03'),
('ALA-0266', 'DES-0052', 'SEBEN'),
('ALA-0267', 'DES-0052', 'KARANGPENANG OLOH'),
('ALA-0268', 'DES-0053', 'BADUWAK'),
('ALA-0269', 'DES-0053', 'BANDUNGAN'),
('ALA-0270', 'DES-0053', 'BATUNODUNG'),
('ALA-0271', 'DES-0053', 'DUBAJA'),
('ALA-0272', 'DES-0053', 'GERTENGA'),
('ALA-0273', 'DES-0053', 'GRUNGGUNGAN'),
('ALA-0274', 'DES-0053', 'LACARAN'),
('ALA-0275', 'DES-0054', 'KOMBANGAN'),
('ALA-0276', 'DES-0054', 'LANGGAR'),
('ALA-0277', 'DES-0054', 'NGOBET'),
('ALA-0278', 'DES-0054', 'POREH OLOH'),
('ALA-0279', 'DES-0054', 'POREH TIMUR'),
('ALA-0280', 'DES-0055', 'ANGSANAH BARAT'),
('ALA-0281', 'DES-0055', 'ANGSANAH TIMUR'),
('ALA-0282', 'DES-0055', 'LEMBENAH'),
('ALA-0283', 'DES-0055', 'RAKMERAKAN'),
('ALA-0284', 'DES-0055', 'SOBBARIH'),
('ALA-0285', 'DES-0055', 'TLAMBAH TENGAH'),
('ALA-0286', 'DES-0055', 'TREBUNG'),
('ALA-0287', 'DES-0056', 'BARA ALAH'),
('ALA-0288', 'DES-0056', 'DUARAH'),
('ALA-0289', 'DES-0056', 'SETRAN BARAT'),
('ALA-0290', 'DES-0056', 'SETRAN TIMUR'),
('ALA-0291', 'DES-0057', 'BANJAR'),
('ALA-0292', 'DES-0057', 'DAANGLANJENG 1'),
('ALA-0293', 'DES-0057', 'DANGLANJENG I'),
('ALA-0294', 'DES-0057', 'DANGLANJENG II'),
('ALA-0295', 'DES-0057', 'KAMARONG'),
('ALA-0296', 'DES-0057', 'NYEROMOT'),
('ALA-0297', 'DES-0057', 'TEDDUNAN'),
('ALA-0298', 'DES-0058', 'BANYUKAPAH'),
('ALA-0299', 'DES-0058', 'GUNUNG LEMOY'),
('ALA-0300', 'DES-0058', 'KASANGKAH'),
('ALA-0301', 'DES-0058', 'KLAJANG'),
('ALA-0302', 'DES-0059', 'MANGNGAR'),
('ALA-0303', 'DES-0059', 'BAN KOMIS'),
('ALA-0304', 'DES-0059', 'BANBALANG'),
('ALA-0305', 'DES-0059', 'BATUPORO'),
('ALA-0306', 'DES-0059', 'GUNUNG EDDEN'),
('ALA-0307', 'DES-0059', 'SELOROS'),
('ALA-0308', 'DES-0059', 'TANJUNG'),
('ALA-0309', 'DES-0060', 'BERBULU'),
('ALA-0310', 'DES-0060', 'GUNUNG EDDEN'),
('ALA-0311', 'DES-0060', 'KOLLA'),
('ALA-0312', 'DES-0060', 'LANGGAR'),
('ALA-0313', 'DES-0060', 'LEKE KONDUR'),
('ALA-0314', 'DES-0060', 'PANDIAN'),
('ALA-0315', 'DES-0060', 'TAPORO'),
('ALA-0316', 'DES-0061', 'BATES'),
('ALA-0317', 'DES-0061', 'KACODUR'),
('ALA-0318', 'DES-0061', 'KLOYKOY'),
('ALA-0319', 'DES-0061', 'LAERAN'),
('ALA-0320', 'DES-0062', 'BANGSAL'),
('ALA-0321', 'DES-0062', 'GUNUNG ELEH'),
('ALA-0322', 'DES-0062', 'PALAMPE AN'),
('ALA-0323', 'DES-0062', 'SANDEN'),
('ALA-0324', 'DES-0062', 'LOBUK'),
('ALA-0325', 'DES-0063', 'PALANGGARAN'),
('ALA-0326', 'DES-0063', 'BAJUH'),
('ALA-0327', 'DES-0063', 'BAN MOTE'),
('ALA-0328', 'DES-0063', 'DUKO'),
('ALA-0329', 'DES-0063', 'SEMAMPIR'),
('ALA-0330', 'DES-0063', 'TERBANG'),
('ALA-0331', 'DES-0064', 'DUKO'),
('ALA-0332', 'DES-0064', 'KOMIS'),
('ALA-0333', 'DES-0064', 'MALAKAH'),
('ALA-0334', 'DES-0064', 'TOTONGAN'),
('ALA-0335', 'DES-0065', 'BABAN'),
('ALA-0336', 'DES-0065', 'DALBADUNG'),
('ALA-0337', 'DES-0065', 'SEREAN'),
('ALA-0338', 'DES-0066', 'BUNUT'),
('ALA-0339', 'DES-0066', 'CAKANCAK'),
('ALA-0340', 'DES-0066', 'LENTENG'),
('ALA-0341', 'DES-0066', 'TENJUY'),
('ALA-0342', 'DES-0067', 'BUTBUT BARAT'),
('ALA-0343', 'DES-0067', 'BUTBUT TIMUR'),
('ALA-0344', 'DES-0067', 'LENTENG BARAT'),
('ALA-0345', 'DES-0067', 'LENTENG TIMUR'),
('ALA-0346', 'DES-0067', 'TAROMAN'),
('ALA-0347', 'DES-0068', 'NYAKSAGEN'),
('ALA-0348', 'DES-0068', 'OMBUL SELATAN'),
('ALA-0349', 'DES-0068', 'PANDIYAN SELATAN'),
('ALA-0350', 'DES-0068', 'PANDIYAN UTARA'),
('ALA-0351', 'DES-0068', 'SAMBUNGAN BARAT'),
('ALA-0352', 'DES-0068', 'SAMBUNGAN TIMUR'),
('ALA-0353', 'DES-0068', 'SAMBUNGAN UTARA'),
('ALA-0354', 'DES-0069', 'BURNEH'),
('ALA-0355', 'DES-0069', 'LEK KOLEK'),
('ALA-0356', 'DES-0069', 'LONNANGKAH'),
('ALA-0357', 'DES-0069', 'MANGNGAR'),
('ALA-0358', 'DES-0069', 'TAKOMBUNG'),
('ALA-0359', 'DES-0069', 'TANGKAT BARAT'),
('ALA-0360', 'DES-0069', 'TANGKAT TIMUR'),
('ALA-0361', 'DES-0069', 'TANGKAT UTARA'),
('ALA-0362', 'DES-0070', 'BATU LEBAR'),
('ALA-0363', 'DES-0070', 'MANGGEJENG'),
('ALA-0364', 'DES-0070', 'PAGARAN'),
('ALA-0365', 'DES-0070', 'TANGKEL'),
('ALA-0366', 'DES-0070', 'TEBBES'),
('ALA-0367', 'DES-0071', 'ANJIR'),
('ALA-0368', 'DES-0071', 'GUNUNG'),
('ALA-0369', 'DES-0071', 'KATEDUNGAN'),
('ALA-0370', 'DES-0071', 'NGANSANGAN'),
('ALA-0371', 'DES-0072', 'BEDDURIH'),
('ALA-0372', 'DES-0072', 'BETENGAN'),
('ALA-0373', 'DES-0072', 'GENDANG'),
('ALA-0374', 'DES-0072', 'JENNUH'),
('ALA-0375', 'DES-0072', 'MANDALA'),
('ALA-0376', 'DES-0072', 'PANCOR RANGDUWEK'),
('ALA-0377', 'DES-0072', 'RABASAN BARAT'),
('ALA-0378', 'DES-0072', 'RABASAN TIMUR'),
('ALA-0379', 'DES-0072', 'RANGDUWEK'),
('ALA-0380', 'DES-0072', 'TARJAN'),
('ALA-0381', 'DES-0073', 'BUNGOR'),
('ALA-0382', 'DES-0073', 'BUTTENGA'),
('ALA-0383', 'DES-0073', 'ROMINAH'),
('ALA-0384', 'DES-0073', 'TENGGINAH'),
('ALA-0385', 'DES-0073', 'TORAJA'),
('ALA-0387', 'DES-0074', 'ENGAS BARAT'),
('ALA-0388', 'DES-0074', 'ENGAS DAYA'),
('ALA-0389', 'DES-0074', 'ENGAS LAOK'),
('ALA-0390', 'DES-0074', 'ENGAS TIMUR'),
('ALA-0391', 'DES-0074', 'KARANG BARAT'),
('ALA-0392', 'DES-0074', 'KON KOKON DAYA'),
('ALA-0393', 'DES-0074', 'KON KOKON LAOK'),
('ALA-0394', 'DES-0074', 'LON LEBAR BARAT'),
('ALA-0395', 'DES-0074', 'LON LEBAR TIMUR'),
('ALA-0396', 'DES-0074', 'MASARAN'),
('ALA-0397', 'DES-0075', 'TEGAR DAYA'),
('ALA-0398', 'DES-0075', 'TEGAR TIMUR'),
('ALA-0399', 'DES-0075', 'BLUMBANG'),
('ALA-0400', 'DES-0075', 'JATEH DAYA'),
('ALA-0401', 'DES-0075', 'JATEH LAOK'),
('ALA-0402', 'DES-0075', 'JATEH TENGAH'),
('ALA-0403', 'DES-0075', 'NUNG POGAK BARAT'),
('ALA-0404', 'DES-0075', 'NUNG POGAK DAYA'),
('ALA-0405', 'DES-0075', 'NYAMBUNGAN DAYA'),
('ALA-0406', 'DES-0075', 'NYAMBUNGAN LAOK'),
('ALA-0407', 'DES-0075', 'POGAK TIMUR'),
('ALA-0408', 'DES-0075', 'TEGAR LAOK'),
('ALA-0409', 'DES-0075', 'TETEAN'),
('ALA-0410', 'DES-0076', 'ONJUR DAYA'),
('ALA-0411', 'DES-0076', 'OLAH DAYA'),
('ALA-0412', 'DES-0076', 'OLAH TENGAH'),
('ALA-0413', 'DES-0076', 'OLOH DAYAH'),
('ALA-0414', 'DES-0076', 'OLOH LAOK'),
('ALA-0415', 'DES-0076', 'OLOH TENGAH'),
('ALA-0416', 'DES-0076', 'ONJUR DAYA'),
('ALA-0417', 'DES-0076', 'ONJUR LAOK'),
('ALA-0418', 'DES-0076', 'TENGAH'),
('ALA-0419', 'DES-0076', 'TENGAH DAYA'),
('ALA-0420', 'DES-0076', 'TENGAH LAOK'),
('ALA-0421', 'DES-0077', 'BUNTEN TIMUR'),
('ALA-0422', 'DES-0077', 'ONJUR DAYA'),
('ALA-0423', 'DES-0077', 'ONJUR LAOK'),
('ALA-0424', 'DES-0077', 'ORO BARAT'),
('ALA-0425', 'DES-0077', 'TENGAH BARAT'),
('ALA-0426', 'DES-0077', 'TENGAH TIMUR'),
('ALA-0427', 'DES-0077', 'TOTAMPE BARAT'),
('ALA-0428', 'DES-0077', 'TOTAMPE TIMUR'),
('ALA-0429', 'DES-0078', 'KORCEKOR I'),
('ALA-0430', 'DES-0078', 'KORCEKOR II DAYA'),
('ALA-0431', 'DES-0078', 'KORCEKOR II LAOK'),
('ALA-0432', 'DES-0078', 'RAGUNG DAYA I'),
('ALA-0433', 'DES-0078', 'RAGUNG DAYA II'),
('ALA-0434', 'DES-0078', 'RAGUNG LAOK I'),
('ALA-0435', 'DES-0078', 'RAGUNG LAOK II'),
('ALA-0436', 'DES-0079', 'BUNDAN'),
('ALA-0437', 'DES-0079', 'DAMPOL'),
('ALA-0438', 'DES-0079', 'LEBAK'),
('ALA-0439', 'DES-0079', 'MANDIREH'),
('ALA-0440', 'DES-0079', 'POTOAN BARAT'),
('ALA-0441', 'DES-0079', 'POTOAN TIMUR'),
('ALA-0442', 'DES-0079', 'SUMBER BHAKTI'),
('ALA-0443', 'DES-0079', 'SUMBER KENANGA'),
('ALA-0444', 'DES-0080', 'DUK TENGAH'),
('ALA-0445', 'DES-0080', 'DUK TIMUR'),
('ALA-0446', 'DES-0080', 'LON CANTOK'),
('ALA-0447', 'DES-0080', 'LON KEBUN'),
('ALA-0448', 'DES-0080', 'NUNG ANYAR'),
('ALA-0449', 'DES-0080', 'TLABENG'),
('ALA-0450', 'DES-0081', 'BULANGAN'),
('ALA-0451', 'DES-0081', 'DAMAN'),
('ALA-0452', 'DES-0081', 'GLAGAS'),
('ALA-0453', 'DES-0081', 'GUJING BARAT'),
('ALA-0454', 'DES-0081', 'GUJING TIMUR'),
('ALA-0455', 'DES-0081', 'KENDAL'),
('ALA-0456', 'DES-0081', 'KOLLA DAYA'),
('ALA-0457', 'DES-0081', 'KOLLA LAOK'),
('ALA-0458', 'DES-0082', 'KOMBANG BARAT'),
('ALA-0459', 'DES-0081', 'KOMBANG DAYA'),
('ALA-0460', 'DES-0081', 'KOMBANG LAOK'),
('ALA-0461', 'DES-0081', 'KOMBANG TIMUR'),
('ALA-0462', 'DES-0081', 'RENDUAN'),
('ALA-0463', 'DES-0081', 'TAMAN BARAT'),
('ALA-0464', 'DES-0081', 'TAMAN TIMUR'),
('ALA-0465', 'DES-0082', 'BULANJANG'),
('ALA-0466', 'DES-0082', 'GILIN BARAT'),
('ALA-0467', 'DES-0082', 'GILIN DAYA'),
('ALA-0468', 'DES-0082', 'GILIN LAOK'),
('ALA-0469', 'DES-0082', 'KAYU ABUH DAYA'),
('ALA-0470', 'DES-0082', 'KAYU ABUH LAOK'),
('ALA-0471', 'DES-0082', 'KEMBANG BARAT'),
('ALA-0472', 'DES-0082', 'KEMBANG TIMUR'),
('ALA-0473', 'DES-0082', 'LEPELE'),
('ALA-0474', 'DES-0082', 'NAPPORAN DAYA'),
('ALA-0475', 'DES-0082', 'NAPPORAN LAOK'),
('ALA-0476', 'DES-0082', 'PANCOR DAYA'),
('ALA-0477', 'DES-0082', 'PANCOR LAOK'),
('ALA-0478', 'DES-0082', 'TLAGEH'),
('ALA-0479', 'DES-0082', 'TOBADAS DAYA'),
('ALA-0480', 'DES-0082', 'TOBADAS LAOK'),
('ALA-0481', 'DES-0083', 'DERBING'),
('ALA-0482', 'DES-0083', 'GUNUNG ANGAK'),
('ALA-0483', 'DES-0083', 'KEMEREH'),
('ALA-0484', 'DES-0083', 'PANCOR BARAT'),
('ALA-0485', 'DES-0083', 'SUMBER LANGGAR'),
('ALA-0486', 'DES-0083', 'TAJJAN BARAT'),
('ALA-0487', 'DES-0083', 'TAJJAN TIMUR'),
('ALA-0488', 'DES-0084', 'BERGUH'),
('ALA-0489', 'DES-0084', 'KEDUNG BARAT'),
('ALA-0490', 'DES-0084', 'KENDUNG TIMUR'),
('ALA-0491', 'DES-0084', 'PANGEREMAN'),
('ALA-0492', 'DES-0084', 'PANUBUN BARAT'),
('ALA-0493', 'DES-0084', 'PANUBUN TIMUR'),
('ALA-0494', 'DES-0085', 'TAMBAK '),
('ALA-0495', 'DES-0085', 'DAMPOL'),
('ALA-0496', 'DES-0085', 'PALEH'),
('ALA-0497', 'DES-0085', 'SORREN'),
('ALA-0498', 'DES-0086', 'GUNUNG KESAN BARAT'),
('ALA-0499', 'DES-0086', 'GUNUNG KESAN TIMUR BUNGNA'),
('ALA-0500', 'DES-0086', 'GUNUNG KESAN TIMUR PAAJEM'),
('ALA-0501', 'DES-0086', 'KONYIK'),
('ALA-0502', 'DES-0086', 'MANJU BARAT PALAMPAL'),
('ALA-0503', 'DES-0086', 'MANJU BARAT SUMBER PAYUNG'),
('ALA-0504', 'DES-0086', 'MANJU TIMUR OMBARAN'),
('ALA-0505', 'DES-0086', 'MANJU TIMUR TOPEJEH'),
('ALA-0506', 'DES-0086', 'SORREN DAYA'),
('ALA-0507', 'DES-0086', 'LAOK MAROLOH'),
('ALA-0508', 'DES-0086', 'LAOK ROMPENG'),
('ALA-0509', 'DES-0087', 'KARANG TENGAH'),
('ALA-0510', 'DES-0087', 'LEDDUK'),
('ALA-0511', 'DES-0087', 'LON LEBER'),
('ALA-0512', 'DES-0087', 'PAJUNG'),
('ALA-0513', 'DES-0087', 'RABIYAN'),
('ALA-0514', 'DES-0087', 'SEMBUNG'),
('ALA-0515', 'DES-0087', 'SEMBUNG BARAT'),
('ALA-0516', 'DES-0087', 'SEMBUNG DAYA'),
('ALA-0517', 'DES-0087', 'TOPOH'),
('ALA-0518', 'DES-0088', 'DEJEH'),
('ALA-0519', 'DES-0088', 'ANGSOKAH BARAT'),
('ALA-0520', 'DES-0088', 'ANGSOKAH LAOK'),
('ALA-0521', 'DES-0089', 'BAJAGUNG'),
('ALA-0522', 'DES-0089', 'BAN BABAN'),
('ALA-0523', 'DES-0090', 'DAUH'),
('ALA-0524', 'DES-0090', 'MORTAPAH'),
('ALA-0525', 'DES-0090', 'ONONGAN'),
('ALA-0526', 'DES-0090', 'SARGENDING'),
('ALA-0527', 'DES-0090', 'TENGKET'),
('ALA-0528', 'DES-0091', 'BUNGGENTONG'),
('ALA-0529', 'DES-0091', 'RABASAN'),
('ALA-0530', 'DES-0091', 'TAMBAK'),
('ALA-0531', 'DES-0091', 'TOBATOH'),
('ALA-0532', 'DES-0092', 'GIMARONGGIH'),
('ALA-0533', 'DES-0092', 'GUATAMOI'),
('ALA-0534', 'DES-0092', 'LARANGAN BARAT'),
('ALA-0535', 'DES-0092', 'LARANGAN LAOK'),
('ALA-0536', 'DES-0092', 'LEMBANAH'),
('ALA-0537', 'DES-0092', 'RAJUNG'),
('ALA-0538', 'DES-0093', 'LOR POLOR'),
('ALA-0539', 'DES-0093', 'NANG KERNANG'),
('ALA-0540', 'DES-0093', 'PEREK'),
('ALA-0541', 'DES-0093', 'SOLONG BARAT'),
('ALA-0542', 'DES-0093', 'SOLONG BARAT'),
('ALA-0543', 'DES-0093', 'SOLONG TIMUR'),
('ALA-0544', 'DES-0094', 'PALE DAJAH'),
('ALA-0545', 'DES-0094', 'PALE LAOK'),
('ALA-0546', 'DES-0094', 'PALE TENGA'),
('ALA-0547', 'DES-0095', 'KEBUAN'),
('ALA-0548', 'DES-0095', 'KEBUN SAREH'),
('ALA-0549', 'DES-0095', 'SOBIH'),
('ALA-0550', 'DES-0096', 'BARLEBAR'),
('ALA-0551', 'DES-0096', 'BURNEH'),
('ALA-0552', 'DES-0096', 'DUWA DAGING'),
('ALA-0553', 'DES-0096', 'PANGMASARAN'),
('ALA-0554', 'DES-0097', 'DAJAH'),
('ALA-0555', 'DES-0097', 'KOKON'),
('ALA-0556', 'DES-0097', 'LAOK BUCIN'),
('ALA-0557', 'DES-0097', 'LAOK LEKEN'),
('ALA-0558', 'DES-0097', 'LAOK SALAROM'),
('ALA-0559', 'DES-0097', 'MALAKA'),
('ALA-0560', 'DES-0097', 'TENGA'),
('ALA-0561', 'DES-0098', 'BARAT SUNGAI'),
('ALA-0562', 'DES-0098', 'TIMUR SUNGAI'),
('ALA-0563', 'DES-0099', 'SOMBER'),
('ALA-0564', 'DES-0099', 'TANUNGGUL'),
('ALA-0565', 'DES-0100', 'BRINGIN'),
('ALA-0566', 'DES-0100', 'BUTMANCENG'),
('ALA-0567', 'DES-0100', 'LAODAN'),
('ALA-0568', 'DES-0100', 'SANG SANG'),
('ALA-0569', 'DES-0101', 'BANG LANDAK'),
('ALA-0570', 'DES-0101', 'DUKO'),
('ALA-0571', 'DES-0101', 'KLOBUR'),
('ALA-0572', 'DES-0101', 'LOBUK'),
('ALA-0573', 'DES-0101', 'PANDAAN BARAT'),
('ALA-0574', 'DES-0101', 'TANAUNG'),
('ALA-0575', 'DES-0101', 'TEKAP'),
('ALA-0576', 'DES-0101', 'TOBATOH'),
('ALA-0577', 'DES-0102', 'AMBULUNG'),
('ALA-0578', 'DES-0102', 'AMPENANG'),
('ALA-0579', 'DES-0102', 'ANGSOKAH'),
('ALA-0580', 'DES-0103', 'BAN SAREH'),
('ALA-0581', 'DES-0103', 'BURLANJANG'),
('ALA-0582', 'DES-0103', 'DIBAK'),
('ALA-0583', 'DES-0103', 'DURBUK'),
('ALA-0584', 'DES-0103', 'PASANGGRAAN'),
('ALA-0585', 'DES-0104', 'DAPAN'),
('ALA-0586', 'DES-0104', 'MORONG'),
('ALA-0587', 'DES-0104', 'RAKAH'),
('ALA-0588', 'DES-0105', 'DUWEK SERAJAH'),
('ALA-0589', 'DES-0105', 'JESABE'),
('ALA-0590', 'DES-0105', 'NGAI SONGAI'),
('ALA-0591', 'DES-0105', 'SOGIYAN BARAT'),
('ALA-0592', 'DES-0105', 'SOGIYAN TEMOR'),
('ALA-0593', 'DES-0106', 'BRANGBANG'),
('ALA-0594', 'DES-0106', 'CEPPLEK'),
('ALA-0595', 'DES-0106', 'GUAPANAS'),
('ALA-0596', 'DES-0106', 'JELBUDAN'),
('ALA-0597', 'DES-0106', 'MORLANGGER'),
('ALA-0598', 'DES-0106', 'MORPELAN'),
('ALA-0599', 'DES-0106', 'NONGPRAOH'),
('ALA-0600', 'DES-0106', 'PAMMASAN'),
('ALA-0601', 'DES-0106', 'PANGTENGA'),
('ALA-0602', 'DES-0106', 'TLAGEH'),
('ALA-0603', 'DES-0106', 'TONGAMPAR'),
('ALA-0604', 'DES-0106', 'TONGLOR'),
('ALA-0605', 'DES-0107', 'DAJAH'),
('ALA-0606', 'DES-0107', 'DIYAAN'),
('ALA-0607', 'DES-0107', 'SOMETEYAN'),
('ALA-0608', 'DES-0107', 'TENGAH'),
('ALA-0609', 'DES-0108', 'BRINGIN BARAT'),
('ALA-0610', 'DES-0108', 'BRINGIN TIMUR'),
('ALA-0611', 'DES-0108', 'CANGKARMAN BARAT'),
('ALA-0612', 'DES-0108', 'CANGKARMAN TIMUR'),
('ALA-0613', 'DES-0108', 'COMBIH'),
('ALA-0614', 'DES-0108', 'DUKO'),
('ALA-0615', 'DES-0108', 'KOLO BARAT'),
('ALA-0616', 'DES-0108', 'KOLO TIMUR'),
('ALA-0617', 'DES-0108', 'KOLO UTARA'),
('ALA-0618', 'DES-0108', 'SEN NASSEN'),
('ALA-0619', 'DES-0109', 'BARAT LEKE'),
('ALA-0620', 'DES-0109', 'LARANGAN'),
('ALA-0621', 'DES-0109', 'PANGRENDUH'),
('ALA-0622', 'DES-0109', 'RABASAN'),
('ALA-0623', 'DES-0109', 'SRAPONG'),
('ALA-0624', 'DES-0109', 'TALONAN'),
('ALA-0625', 'DES-0109', 'TIMUR LEKE'),
('ALA-0626', 'DES-0110', 'CANGGA'),
('ALA-0627', 'DES-0110', 'DANAN'),
('ALA-0628', 'DES-0110', 'KRAMAT'),
('ALA-0629', 'DES-0110', 'NANGGUNGAN'),
('ALA-0630', 'DES-0110', 'SENGKERREP'),
('ALA-0631', 'DES-0111', 'GALBA'),
('ALA-0632', 'DES-0111', 'GUNUNGAN'),
('ALA-0633', 'DES-0111', 'LEMBANAH'),
('ALA-0634', 'DES-0111', 'Pangarengan'),
('ALA-0635', 'DES-0111', 'PLASAH'),
('ALA-0636', 'DES-0112', 'ANYIR BARAT'),
('ALA-0637', 'DES-0112', 'ANYIR GALISAN'),
('ALA-0638', 'DES-0112', 'GUBBU'),
('ALA-0639', 'DES-0112', 'PRANGGASAN'),
('ALA-0640', 'DES-0113', 'CAPO'),
('ALA-0641', 'DES-0113', 'GUBBU BARAT'),
('ALA-0642', 'DES-0113', 'GUBBU TIMUR'),
('ALA-0643', 'DES-0113', 'MORTONGGAK'),
('ALA-0644', 'DES-0113', 'RAGUNG BARAT'),
('ALA-0645', 'DES-0113', 'RAGUNG SELATAN'),
('ALA-0646', 'DES-0113', 'RAGUNG TIMUR'),
('ALA-0647', 'DES-0113', 'RAGUNG UTARA'),
('ALA-0648', 'DES-0113', 'TAMAN'),
('ALA-0649', 'DES-0113', 'TOKOTOH'),
('ALA-0650', 'DES-0114', 'BILLE EN'),
('ALA-0651', 'DES-0114', 'LEMBUNG'),
('ALA-0652', 'DES-0114', 'MELKO BARAT'),
('ALA-0653', 'DES-0114', 'MELKO TIMUR'),
('ALA-0654', 'DES-0115', 'ARNIH BARAT'),
('ALA-0655', 'DES-0115', 'ARNIH TIMUR'),
('ALA-0656', 'DES-0115', 'GUNUNG TINGGI'),
('ALA-0657', 'DES-0115', 'KASANGKA BARAT'),
('ALA-0658', 'DES-0115', 'KASANGKA TIMUR'),
('ALA-0659', 'DES-0115', 'MALENGGUR'),
('ALA-0660', 'DES-0115', 'NANGGER'),
('ALA-0661', 'DES-0115', 'OMBEREN'),
('ALA-0662', 'DES-0116', 'BEREK SABE'),
('ALA-0663', 'DES-0116', 'BURAJEH'),
('ALA-0664', 'DES-0116', 'JELGUNG'),
('ALA-0665', 'DES-0116', 'TAROGEN'),
('ALA-0666', 'DES-0117', 'BUNG LAMPOK'),
('ALA-0667', 'DES-0117', 'LEPELLE'),
('ALA-0668', 'DES-0117', 'PLANGGARAN BARAT'),
('ALA-0669', 'DES-0117', 'PLANGGARAN TIMUR'),
('ALA-0670', 'DES-0117', 'PROBUNGAN'),
('ALA-0671', 'DES-0117', 'RUNG NONGGAL'),
('ALA-0672', 'DES-0117', 'TREBUNG BARAT'),
('ALA-0673', 'DES-0117', 'TREBUNG TIMUR'),
('ALA-0674', 'DES-0118', 'BENCELOT'),
('ALA-0675', 'DES-0118', 'BEREK SONGAI'),
('ALA-0676', 'DES-0118', 'BERLANTONG'),
('ALA-0677', 'DES-0118', 'KARANG'),
('ALA-0678', 'DES-0118', 'KOMERE DAYA'),
('ALA-0679', 'DES-0118', 'KOMERE LAOK'),
('ALA-0680', 'DES-0119', 'BATU AMPAR'),
('ALA-0681', 'DES-0119', 'PANGGUNG'),
('ALA-0682', 'DES-0119', 'PATEMON'),
('ALA-0683', 'DES-0119', 'SOMBER'),
('ALA-0684', 'DES-0119', 'TRAJAN'),
('ALA-0685', 'DES-0119', 'MONGGING'),
('ALA-0686', 'DES-0120', 'DAGIAN'),
('ALA-0687', 'DES-0120', 'BAN ROKEM'),
('ALA-0688', 'DES-0120', 'DAGIAN'),
('ALA-0689', 'DES-0120', 'KLOBUR'),
('ALA-0690', 'DES-0121', 'BEREK SABE'),
('ALA-0691', 'DES-0121', 'LAOK LEKE'),
('ALA-0692', 'DES-0121', 'SENDANG'),
('ALA-0693', 'DES-0122', 'DERBING'),
('ALA-0694', 'DES-0122', 'GIL PANGGIL'),
('ALA-0695', 'DES-0122', 'NGOR BUNGOR'),
('ALA-0696', 'DES-0125', 'TAKONG'),
('ALA-0697', 'DES-0125', 'DAKSAN'),
('ALA-0698', 'DES-0125', 'DEMONGAN'),
('ALA-0699', 'DES-0125', 'JLENYAR'),
('ALA-0700', 'DES-0125', 'MANDANGIN'),
('ALA-0701', 'DES-0125', 'SONGOSONG'),
('ALA-0702', 'DES-0127', 'KANDANGAN'),
('ALA-0703', 'DES-0127', 'LENTENG'),
('ALA-0704', 'DES-0127', 'PRAJIN'),
('ALA-0705', 'DES-0127', 'TAROGEN'),
('ALA-0706', 'DES-0128', 'BABAN'),
('ALA-0707', 'DES-0128', 'BAKTOKOL'),
('ALA-0708', 'DES-0128', 'BANSOKAH'),
('ALA-0709', 'DES-0128', 'KENDAL'),
('ALA-0710', 'DES-0129', 'ACCENAN'),
('ALA-0711', 'DES-0129', 'ACCENAN RT 01'),
('ALA-0712', 'DES-0129', 'ACCENAN RT 02'),
('ALA-0713', 'DES-0129', 'BANGIAN'),
('ALA-0714', 'DES-0129', 'GELISGIS'),
('ALA-0715', 'DES-0129', 'GELISGIS 1 RT 01'),
('ALA-0716', 'DES-0129', 'GELISGIS 1 RT 02'),
('ALA-0717', 'DES-0129', 'GELISGIS 1 RT 01'),
('ALA-0718', 'DES-0129', 'GELISGIS II RT 01'),
('ALA-0719', 'DES-0129', 'PLALANGAN RT 01'),
('ALA-0720', 'DES-0129', 'PLALANGAN RT 02'),
('ALA-0721', 'DES-0129', 'RUBARUH'),
('ALA-0722', 'DES-0129', 'RUBARUH RT 01'),
('ALA-0723', 'DES-0129', 'RUBARUH RT 02'),
('ALA-0724', 'DES-0129', 'RUBARUH RT 03'),
('ALA-0725', 'DES-0129', 'TENGAH'),
('ALA-0726', 'DES-0131', 'LENGKONG'),
('ALA-0727', 'DES-0131', 'NANDIH'),
('ALA-0728', 'DES-0131', 'PERENG'),
('ALA-0729', 'DES-0131', 'TEBEN'),
('ALA-0730', 'DES-0133', 'BABAN I'),
('ALA-0731', 'DES-0133', 'BABAN II'),
('ALA-0732', 'DES-0133', 'BULANG'),
('ALA-0733', 'DES-0133', 'GAGAK'),
('ALA-0734', 'DES-0133', 'KANJAR'),
('ALA-0735', 'DES-0133', 'ROMAAN'),
('ALA-0736', 'DES-0134', 'BEKOTEM'),
('ALA-0737', 'DES-0134', 'LANDUK'),
('ALA-0738', 'DES-0134', 'PANGGUNG 1'),
('ALA-0739', 'DES-0134', 'PANGGUNG II'),
('ALA-0740', 'DES-0134', 'TALON'),
('ALA-0741', 'DES-0134', 'TASE AN'),
('ALA-0742', 'DES-0135', 'GURDIBIH'),
('ALA-0743', 'DES-0135', 'LEMBUNG'),
('ALA-0744', 'DES-0135', 'TASE AN'),
('ALA-0745', 'DES-0136', 'CAMPLONG'),
('ALA-0746', 'DES-0136', 'BISTAH'),
('ALA-0747', 'DES-0136', 'CAMBUT'),
('ALA-0748', 'DES-0136', 'MORSABE'),
('ALA-0749', 'DES-0136', 'PAKONG'),
('ALA-0750', 'DES-0136', 'TLOTOK'),
('ALA-0751', 'DES-0137', 'BARAT'),
('ALA-0752', 'DES-0137', 'CANDIN'),
('ALA-0753', 'DES-0137', 'KRAMAT'),
('ALA-0754', 'DES-0138', 'JL BAHAGIA'),
('ALA-0755', 'DES-0138', 'JL KAMBOJA'),
('ALA-0756', 'DES-0138', 'JL KRINCI'),
('ALA-0757', 'DES-0138', 'JL KRAMAT AGUNG'),
('ALA-0758', 'DES-0138', 'JL LAWU'),
('ALA-0759', 'DES-0138', 'JL MAKMUR'),
('ALA-0760', 'DES-0138', 'JL MERAPI'),
('ALA-0761', 'DES-0138', 'JL PAHLAWAN'),
('ALA-0762', 'DES-0138', 'JL PAJUDAN'),
('ALA-0763', 'DES-0138', 'JL PEMUDA'),
('ALA-0764', 'DES-0139', 'BANTAN DAJAH'),
('ALA-0765', 'DES-0139', 'BANTAN LAOK'),
('ALA-0766', 'DES-0139', 'BRAMBANG'),
('ALA-0767', 'DES-0139', 'CAKER'),
('ALA-0768', 'DES-0139', 'DENG GEDDENG'),
('ALA-0769', 'DES-0139', 'KARANG AOR'),
('ALA-0770', 'DES-0139', 'KARENGAN'),
('ALA-0771', 'DES-0139', 'SOMBER LEDDUK'),
('ALA-0772', 'DES-0139', 'TAROGEN BARAT'),
('ALA-0773', 'DES-0140', 'BANDUNGAN'),
('ALA-0774', 'DES-0140', 'KARONGAN'),
('ALA-0775', 'DES-0140', 'NAROAN'),
('ALA-0776', 'DES-0140', 'TAMBANGAN'),
('ALA-0777', 'DES-0141', 'BATU LENGER BARAT'),
('ALA-0778', 'DES-0141', 'BATU LENGER TIMUR'),
('ALA-0779', 'DES-0141', 'BENDEN'),
('ALA-0780', 'DES-0141', 'GUA LORONG'),
('ALA-0781', 'DES-0141', 'POLAY BARAT'),
('ALA-0782', 'DES-0141', 'POLAY DAYA'),
('ALA-0783', 'DES-0141', 'POLAY LAOK'),
('ALA-0784', 'DES-0141', 'POLAY TIMUR'),
('ALA-0785', 'DES-0142', 'BALANAN'),
('ALA-0786', 'DES-0142', 'BIRA'),
('ALA-0787', 'DES-0142', 'KOMEREH BARAT'),
('ALA-0788', 'DES-0142', 'KOMEREH TIMUR'),
('ALA-0789', 'DES-0142', 'LANGSELEBAR DAYA'),
('ALA-0790', 'DES-0142', 'LANGSELEBAR LAOK'),
('ALA-0791', 'DES-0142', 'MRENGET BARAT'),
('ALA-0792', 'DES-0142', 'MRENGET TIMUR'),
('ALA-0793', 'DES-0143', 'LEBAK'),
('ALA-0794', 'DES-0143', 'LEMBUNG'),
('ALA-0795', 'DES-0143', 'LONANGKEK'),
('ALA-0796', 'DES-0143', 'PANJELIN'),
('ALA-0797', 'DES-0143', 'PONGKEREP'),
('ALA-0798', 'DES-0143', 'LONANGKEK'),
('ALA-0799', 'DES-0144', 'ARONGAN'),
('ALA-0800', 'DES-0144', 'GIMBUK'),
('ALA-0801', 'DES-0144', 'KOMBANG'),
('ALA-0802', 'DES-0144', 'KOPOK'),
('ALA-0803', 'DES-0144', 'OLOR'),
('ALA-0804', 'DES-0144', 'SUMBER PENANG'),
('ALA-0805', 'DES-0144', 'TAMAN SAREH'),
('ALA-0806', 'DES-0145', 'PANGTANGIS DAYA'),
('ALA-0807', 'DES-0145', 'SOKOBENAH TENGAH'),
('ALA-0808', 'DES-0145', 'BLIKER'),
('ALA-0809', 'DES-0145', 'LENTEYAN'),
('ALA-0810', 'DES-0145', 'MONDIS DAYA'),
('ALA-0811', 'DES-0145', 'MONDIS LAOK'),
('ALA-0812', 'DES-0145', 'PETANGIS LAOK'),
('ALA-0813', 'DES-0146', 'BUK BATANG'),
('ALA-0814', 'DES-0146', 'CANGKAK'),
('ALA-0815', 'DES-0146', 'PANASAN DAYA'),
('ALA-0816', 'DES-0146', 'PANASAN LAOK'),
('ALA-0817', 'DES-0146', 'PANENERAN'),
('ALA-0818', 'DES-0146', 'PONGKEREP'),
('ALA-0819', 'DES-0146', 'ROPO DAYA'),
('ALA-0820', 'DES-0146', 'RAPO LAOK'),
('ALA-0821', 'DES-0147', 'BAJUR'),
('ALA-0822', 'DES-0147', 'BLIKER'),
('ALA-0823', 'DES-0147', 'DURBUK'),
('ALA-0824', 'DES-0147', 'NONGKESAN'),
('ALA-0825', 'DES-0147', 'OPRAK'),
('ALA-0826', 'DES-0147', 'ROJING'),
('ALA-0827', 'DES-0148', 'BATES'),
('ALA-0828', 'DES-0148', 'DUWEK RAJE'),
('ALA-0829', 'DES-0148', 'KRANJI'),
('ALA-0830', 'DES-0148', 'MASERENG'),
('ALA-0831', 'DES-0148', 'TOGURAN'),
('ALA-0832', 'DES-0149', 'BANDARAN BARAT'),
('ALA-0833', 'DES-0149', 'BANDARAN TIMUR'),
('ALA-0834', 'DES-0149', 'PANDIAN'),
('ALA-0835', 'DES-0150', 'BUTIMUNING'),
('ALA-0836', 'DES-0150', 'LEKE DALAM'),
('ALA-0837', 'DES-0150', 'MANDALA'),
('ALA-0838', 'DES-0150', 'SEN ASEN'),
('ALA-0839', 'DES-0150', 'TOBAI'),
('ALA-0840', 'DES-0151', 'BRUMBUNG'),
('ALA-0841', 'DES-0151', 'BUNG BEDUK'),
('ALA-0842', 'DES-0151', 'CRECET'),
('ALA-0843', 'DES-0151', 'GENBILAH'),
('ALA-0844', 'DES-0151', 'TOBINGKAR'),
('ALA-0845', 'DES-0152', 'DJUNG DURIH'),
('ALA-0846', 'DES-0152', 'GLASGAS'),
('ALA-0847', 'DES-0152', 'PALERENAN'),
('ALA-0848', 'DES-0152', 'PANGGUNG'),
('ALA-0849', 'DES-0152', 'PANGPAJUNG BARAT'),
('ALA-0850', 'DES-0152', 'PANGPAJUNG TIMUR'),
('ALA-0851', 'DES-0152', 'POTAT'),
('ALA-0852', 'DES-0152', 'TOSANGAH'),
('ALA-0853', 'DES-0153', 'BANGSAH'),
('ALA-0854', 'DES-0153', 'RUBARUH'),
('ALA-0855', 'DES-0153', 'SAJANGAN'),
('ALA-0856', 'DES-0153', 'SENDANG'),
('ALA-0857', 'DES-0154', 'JELGUNG'),
('ALA-0858', 'DES-0154', 'REMBANG'),
('ALA-0859', 'DES-0154', 'ASEM BERIT'),
('ALA-0860', 'DES-0154', 'BUNDAH'),
('ALA-0861', 'DES-0154', 'JELGUNG'),
('ALA-0862', 'DES-0154', 'MORSABE'),
('ALA-0863', 'DES-0154', 'NANGGER'),
('ALA-0864', 'DES-0154', 'TANJUNG'),
('ALA-0865', 'DES-0155', 'DISANAH BARAT'),
('ALA-0866', 'DES-0155', 'DISANAH TIMUR'),
('ALA-0867', 'DES-0156', 'JUNOK'),
('ALA-0868', 'DES-0156', 'LAOK SABE'),
('ALA-0869', 'DES-0156', 'SABU UK'),
('ALA-0870', 'DES-0156', 'SANGONCOK'),
('ALA-0871', 'DES-0156', 'TALOMPOK'),
('ALA-0872', 'DES-0157', 'BA JANGGUK'),
('ALA-0873', 'DES-0157', 'BANTELAN'),
('ALA-0874', 'DES-0157', 'MANDUYAN'),
('ALA-0875', 'DES-0157', 'SEMBUTAH'),
('ALA-0876', 'DES-0157', 'TAMING'),
('ALA-0877', 'DES-0158', 'BENDEREN'),
('ALA-0878', 'DES-0158', 'LABANG'),
('ALA-0879', 'DES-0158', 'SEMPOAN'),
('ALA-0880', 'DES-0158', 'TANGKOR'),
('ALA-0881', 'DES-0159', 'BATES'),
('ALA-0882', 'DES-0159', 'BUNJUH'),
('ALA-0883', 'DES-0159', 'JETEH'),
('ALA-0884', 'DES-0159', 'LABUHAN BARAT'),
('ALA-0885', 'DES-0159', 'LABUHAN TENGAH'),
('ALA-0886', 'DES-0159', 'LABUHAN TIMUR'),
('ALA-0887', 'DES-0159', 'MASARAN'),
('ALA-0888', 'DES-0159', 'NYEPEN'),
('ALA-0889', 'DES-0159', 'SEMTALAI'),
('ALA-0890', 'DES-0159', 'TEBBEH'),
('ALA-0891', 'DES-0160', 'MARPARAN'),
('ALA-0892', 'DES-0160', 'SOROAN'),
('ALA-0893', 'DES-0161', 'SORREN DAYA'),
('ALA-0894', 'DES-0161', 'TAMING'),
('ALA-0895', 'DES-0161', 'DU ODUK'),
('ALA-0896', 'DES-0161', 'GUDEMAN'),
('ALA-0897', 'DES-0161', 'LABANG'),
('ALA-0898', 'DES-0161', 'MORPAO'),
('ALA-0899', 'DES-0161', 'NAMBANGAN'),
('ALA-0900', 'DES-0161', 'NOREH'),
('ALA-0901', 'DES-0161', 'PANAROAN'),
('ALA-0902', 'DES-0162', 'BATES'),
('ALA-0903', 'DES-0162', 'BUJAAN'),
('ALA-0904', 'DES-0162', 'MORBARUH'),
('ALA-0905', 'DES-0162', 'NGADDENGAN'),
('ALA-0906', 'DES-0162', 'SEMMANIS'),
('ALA-0907', 'DES-0163', 'BATU PUTIH'),
('ALA-0908', 'DES-0163', 'BRUSAH'),
('ALA-0909', 'DES-0163', 'BUK POTE'),
('ALA-0910', 'DES-0163', 'DRASAH'),
('ALA-0911', 'DES-0163', 'JENGPAEK'),
('ALA-0912', 'DES-0163', 'KARANG ANYAR'),
('ALA-0913', 'DES-0163', 'Sreseh'),
('ALA-0914', 'DES-0163', 'TALOSONG'),
('ALA-0915', 'DES-0164', 'JENGPAEK'),
('ALA-0916', 'DES-0164', 'KONCOP'),
('ALA-0917', 'DES-0164', 'MACANAN'),
('ALA-0918', 'DES-0164', 'PRAMIAN'),
('ALA-0919', 'DES-0164', 'TAMAN BARAT'),
('ALA-0920', 'DES-0164', 'TAMAN TIMUR'),
('ALA-0921', 'DES-0164', 'TREBUNG'),
('ALA-0922', 'DES-0165', 'KANDERUH'),
('ALA-0923', 'DES-0165', 'MOKOS'),
('ALA-0924', 'DES-0165', 'PAKA AN'),
('ALA-0925', 'DES-0165', 'PALENGGIAN'),
('ALA-0926', 'DES-0165', 'SABIAN'),
('ALA-0927', 'DES-0166', 'BANGERAN'),
('ALA-0928', 'DES-0166', 'BARA ALAH'),
('ALA-0929', 'DES-0166', 'PAO BARU'),
('ALA-0930', 'DES-0166', 'PEET'),
('ALA-0931', 'DES-0166', 'TAKOTTAH'),
('ALA-0932', 'DES-0167', 'BUNGKAK'),
('ALA-0933', 'DES-0167', 'KAPASAN'),
('ALA-0934', 'DES-0167', 'KEBUN'),
('ALA-0935', 'DES-0167', 'LENCENG'),
('ALA-0936', 'DES-0168', 'BESABE'),
('ALA-0937', 'DES-0168', 'DURBUK'),
('ALA-0938', 'DES-0168', 'MALAKA'),
('ALA-0939', 'DES-0168', 'MAMBULU TIMUR'),
('ALA-0940', 'DES-0168', 'SORAK'),
('ALA-0941', 'DES-0169', 'BIREM'),
('ALA-0942', 'DES-0169', 'PENGELEN'),
('ALA-0943', 'DES-0169', 'PLASAH'),
('ALA-0944', 'DES-0169', 'SLOROS'),
('ALA-0945', 'DES-0170', 'BLELUH'),
('ALA-0946', 'DES-0170', 'BUKER'),
('ALA-0947', 'DES-0170', 'PAKSEN'),
('ALA-0948', 'DES-0170', 'SEMAH'),
('ALA-0949', 'DES-0171', 'BURAJEH'),
('ALA-0950', 'DES-0171', 'BURNANG'),
('ALA-0951', 'DES-0171', 'MAMBULU'),
('ALA-0952', 'DES-0171', 'TLAGAH'),
('ALA-0953', 'DES-0172', 'BICABBIH'),
('ALA-0954', 'DES-0172', 'PREKATAN'),
('ALA-0955', 'DES-0172', 'SAMARAN BARAT'),
('ALA-0956', 'DES-0172', 'SEMPANGAN'),
('ALA-0957', 'DES-0173', 'JAMGALIS'),
('ALA-0958', 'DES-0173', 'PELAN'),
('ALA-0959', 'DES-0173', 'SOMBER'),
('ALA-0960', 'DES-0174', 'BENDUNG'),
('ALA-0961', 'DES-0174', 'DEJEEN BERE'),
('ALA-0962', 'DES-0174', 'DEJEEN TEMOR'),
('ALA-0963', 'DES-0174', 'DUKO'),
('ALA-0964', 'DES-0175', 'BRINGINAN'),
('ALA-0965', 'DES-0175', 'CANGGINIH'),
('ALA-0966', 'DES-0175', 'MURSABE'),
('ALA-0967', 'DES-0175', 'PLALANGAN'),
('ALA-0968', 'DES-0176', 'DULANG'),
('ALA-0969', 'DES-0176', 'PAL PAL'),
('ALA-0970', 'DES-0176', 'ROY TOROY'),
('ALA-0971', 'DES-0176', 'SRESEH'),
('ALA-0972', 'DES-0177', 'BEREK ELAH'),
('ALA-0973', 'DES-0177', 'DUKO'),
('ALA-0974', 'DES-0177', 'JERUK POROT'),
('ALA-0975', 'DES-0177', 'JREMBE'),
('ALA-0976', 'DES-0177', 'PLAKARAN'),
('ALA-0977', 'DES-0178', 'CAREGAN'),
('ALA-0978', 'DES-0178', 'KANJAR DAJAH'),
('ALA-0979', 'DES-0178', 'KANJAR SELATAN'),
('ALA-0980', 'DES-0178', 'KANJAR TENGAH'),
('ALA-0981', 'DES-0178', 'KANJAR SELATAN'),
('ALA-0982', 'DES-0179', 'KARA TEMUR'),
('ALA-0983', 'DES-0179', 'MUNDUH'),
('ALA-0984', 'DES-0179', 'SONGKALAN'),
('ALA-0985', 'DES-0179', 'TENGGIH'),
('ALA-0986', 'DES-0180', 'GLUGUR'),
('ALA-0987', 'DES-0180', 'JENON'),
('ALA-0988', 'DES-0180', 'KODAK TENGAH'),
('ALA-0989', 'DES-0180', 'MASARAN'),
('ALA-0990', 'DES-0181', 'KRAMPON BARAT'),
('ALA-0991', 'DES-0181', 'KRAMPON TENGAH'),
('ALA-0992', 'DES-0181', 'KRAMPON TIMUR'),
('ALA-0993', 'DES-0182', 'DUALAS'),
('ALA-0994', 'DES-0182', 'GURBAK'),
('ALA-0995', 'DES-0182', 'KASERAN'),
('ALA-0996', 'DES-0182', 'TONGOH BARAT'),
('ALA-0997', 'DES-0183', 'PANG NENGA'),
('ALA-0998', 'DES-0183', 'DELBI'),
('ALA-0999', 'DES-0183', 'JERGUT'),
('ALA-1000', 'DES-0183', 'PATAPAN TENGAH'),
('ALA-1001', 'DES-0184', 'GUMORONG'),
('ALA-1002', 'DES-0184', 'TAT TAT'),
('ALA-1003', 'DES-0184', 'TOBATOH'),
('ALA-1004', 'DES-0185', 'BABAN'),
('ALA-1005', 'DES-0185', 'CAMPLONG'),
('ALA-1006', 'DES-0185', 'TANAH MERAH'),
('ALA-1007', 'DES-0186', 'KEDDANG'),
('ALA-1008', 'DES-0186', 'KOKOWAN'),
('ALA-1009', 'DES-0186', 'KRISTAL'),
('ALA-1010', 'DES-0186', 'TORJUN TEMOR');

-- --------------------------------------------------------

--
-- Struktur dari tabel `kecamatan`
--

CREATE TABLE IF NOT EXISTS `kecamatan` (
  `KEC_ID` varchar(25) NOT NULL,
  `KEC_NAMA` varchar(25) DEFAULT NULL
) ENGINE=InnoDB DEFAULT CHARSET=latin1;

--
-- Dumping data untuk tabel `kecamatan`
--

INSERT INTO `kecamatan` (`KEC_ID`, `KEC_NAMA`) VALUES
('KEC-0001', 'BANYUATES'),
('KEC-0002', 'CAMPLONG'),
('KEC-0003', 'JRENGIK'),
('KEC-0004', 'KARANG PENANG'),
('KEC-0005', 'KEDUNGDUNG'),
('KEC-0006', 'KETAPANG'),
('KEC-0007', 'OMBEN'),
('KEC-0008', 'PANGARENGAN'),
('KEC-0009', 'ROBATAL'),
('KEC-0010', 'SAMPANG'),
('KEC-0011', 'SOKOBENAH'),
('KEC-0012', 'SRESEH'),
('KEC-0013', 'TAMBELANGAN'),
('KEC-0014', 'TORJUN');

-- --------------------------------------------------------

--
-- Struktur dari tabel `keluarga`
--

CREATE TABLE IF NOT EXISTS `keluarga` (
  `ID_KELUARGA` varchar(25) NOT NULL,
  `KEC_ID` varchar(25) NOT NULL,
  `DUS_ID` varchar(25) NOT NULL,
  `DES_ID` varchar(25) NOT NULL,
  `NAMA_KEPALAKELUARGA` varchar(25) DEFAULT NULL,
  `JUMLAH_ANGGOTAKELUARGA` int(11) DEFAULT NULL,
  `JUMLAH_KELUARGA` int(11) DEFAULT NULL
) ENGINE=InnoDB DEFAULT CHARSET=latin1;

--
-- Dumping data untuk tabel `keluarga`
--

INSERT INTO `keluarga` (`ID_KELUARGA`, `KEC_ID`, `DUS_ID`, `DES_ID`, `NAMA_KEPALAKELUARGA`, `JUMLAH_ANGGOTAKELUARGA`, `JUMLAH_KELUARGA`) VALUES
('3460569', 'KEC-0012', 'ALA-0853', 'DES-0153', 'FATIMA', 1, 1),
('3463859', 'KEC-0014', 'ALA-0964', 'DES-0175', 'SYAMSUL ARIFIN', 2, 1),
('3467637', 'KEC-0008', 'ALA-0609', 'DES-0108', 'MOH TOHIR', 4, 1),
('3474003', 'KEC-0010', 'ALA-0696', 'DES-0125', 'SANIN', 5, 1),
('3491049', 'KEC-0002', 'ALA-0106', 'DES-0021', 'NAWAKI', 2, 1),
('3504643', 'KEC-0007', 'ALA-0518', 'DES-0088', 'HANAFI', 5, 1),
('3512922', 'KEC-0005', 'ALA-0287', 'DES-0056', 'MUKIT', 6, 1),
('3523546', 'KEC-0003', 'ALA-0181', 'DES-0035', 'DULASAT', 1, 1),
('3536850', 'KEC-0013', 'ALA-0922', 'DES-0165', 'SAMSUDDIN', 3, 1),
('3546037', 'KEC-0001', 'ALA-0008', 'DES-0001', 'SAHRAWI', 4, 1),
('3550479', 'KEC-0009', 'ALA-0650', 'DES-0114', 'MASLUKI', 4, 1),
('3560050', 'KEC-0004', 'ALA-0234', 'DES-0049', 'HARIYEH', 7, 1),
('3585347', 'KEC-0006', 'ALA-0387', 'DES-0074', 'SI''EN', 2, 1),
('3588210', 'KEC-0011', 'ALA-0777', 'DES-0141', 'DUS SALAM', 5, 1);

-- --------------------------------------------------------

--
-- Struktur dari tabel `kriteria`
--

CREATE TABLE IF NOT EXISTS `kriteria` (
  `ID_KRITERIA` varchar(25) NOT NULL,
  `NAMA_KRITERIA` varchar(100) DEFAULT NULL,
  `RANK_KRITERIA` int(11) DEFAULT NULL,
  `BOBOT_KRITERIA` float DEFAULT NULL
) ENGINE=InnoDB DEFAULT CHARSET=latin1;

--
-- Dumping data untuk tabel `kriteria`
--

INSERT INTO `kriteria` (`ID_KRITERIA`, `NAMA_KRITERIA`, `RANK_KRITERIA`, `BOBOT_KRITERIA`) VALUES
('KRI-0001', 'status kesejahteraan (desil) ', 1, 0.111261),
('KRI-0002', 'Status kepemilikan bangunan tempat tinggal', 2, 0.0849448),
('KRI-0003', 'Status kepemilikan lahan tempat tinggal', 3, 0.0717869),
('KRI-0004', 'Jenis lantai terluas', 4, 0.063015),
('KRI-0005', 'Jenis dinding terluas', 5, 0.056436),
('KRI-0006', 'Jenis atap terluas', 6, 0.0511729),
('KRI-0007', 'Kualitas dinding terluas', 7, 0.0467869),
('KRI-0008', 'Kualitas atap terluas', 8, 0.0430275),
('KRI-0009', 'Sumber air minum', 9, 0.039738),
('KRI-0010', 'Cara memperoleh air minum', 10, 0.036814),
('KRI-0011', 'Penggunaan fasilitas buang air besar', 11, 0.0341825),
('KRI-0012', 'Jenis kloset', 12, 0.0317901),
('KRI-0013', 'Tempat pembuangan akhir tinja', 13, 0.0295971),
('KRI-0014', 'Sumber penerangan utama', 14, 0.0275728),
('KRI-0015', 'Daya listrik terpasang(PLN)', 15, 0.0256932),
('KRI-0016', 'Bahan bakar untuk memasak', 16, 0.0239388),
('KRI-0017', 'Kepemilikan tabung gas 5.5kg atau lebih', 17, 0.022294),
('KRI-0018', 'Kepemilikan sambungan telepon(PSTN)', 18, 0.020746),
('KRI-0019', 'Kepemilikan komputer/laptop', 19, 0.0192841),
('KRI-0020', 'Kepemilikan sepeda', 20, 0.017899),
('KRI-0021', 'Kepemilikan sepeda motor', 21, 0.0165832),
('KRI-0022', 'Kepemilikan mobil', 22, 0.0153301),
('KRI-0023', 'Kepemilikan perahu', 23, 0.0141339),
('KRI-0024', 'Kepemilikan motor tempel', 24, 0.0129898),
('KRI-0025', 'Kepemilikan peprahu motor', 25, 0.0118933),
('KRI-0026', 'Kepemilikan kapal', 26, 0.0108406),
('KRI-0027', 'Kepemilikan lemari es/kulkas', 27, 0.00982848),
('KRI-0028', 'Kepemilikan AC(penyejuk udara)', 28, 0.00885382),
('KRI-0029', 'Kepemilikan pemanas air(water heater)', 29, 0.00791397),
('KRI-0030', 'Kepemilikan televisi ', 30, 0.00700653),
('KRI-0031', 'Kepemilikan emas/perhiasan/tabungan senilai 10 gra', 31, 0.00612934),
('KRI-0032', 'Kepemilikan lahan', 32, 0.00528044),
('KRI-0033', 'Kepemilikan rumah di lokasi lain', 33, 0.00445807),
('KRI-0034', 'Ada anggota rumah tangga yang memiliki usaha sendi', 34, 0.00366063),
('KRI-0035', 'Memiliki kks/kps', 35, 0.00288663),
('KRI-0036', 'Peserta program pkh', 36, 0.00213475),
('KRI-0037', 'Peserta program raskin', 37, 0.00140376),
('KRI-0038', 'Peserta program kur', 38, 0.000692521);

-- --------------------------------------------------------

--
-- Struktur dari tabel `penilaian`
--

CREATE TABLE IF NOT EXISTS `penilaian` (
  `ID_PENILAIAN` varchar(25) NOT NULL,
  `ID_SUBKRITERIA` varchar(25) NOT NULL,
  `ID_KELUARGA` varchar(25) NOT NULL,
  `ID_KRITERIA` varchar(25) NOT NULL,
  `KEPALA_KELUARGA` varchar(20) DEFAULT NULL,
  `KECAMATAN` varchar(20) DEFAULT NULL,
  `DESA` varchar(20) DEFAULT NULL,
  `DUSUN` varchar(20) DEFAULT NULL,
  `BOBOT_KRI` float DEFAULT NULL,
  `BOBOT_SUB` float DEFAULT NULL,
  `JUMLAH` float DEFAULT NULL
) ENGINE=InnoDB DEFAULT CHARSET=latin1;

--
-- Dumping data untuk tabel `penilaian`
--

INSERT INTO `penilaian` (`ID_PENILAIAN`, `ID_SUBKRITERIA`, `ID_KELUARGA`, `ID_KRITERIA`, `KEPALA_KELUARGA`, `KECAMATAN`, `DESA`, `DUSUN`, `BOBOT_KRI`, `BOBOT_SUB`, `JUMLAH`) VALUES
('PEN-00000001', 'SUB-0005', '3546037', 'KRI-0002', ' SAHRAWI', ' KEC-0001', ' DES-0001', ' ALA-0008', 0.0849448, 0.256667, 0.0218025),
('PEN-00000002', 'SUB-0009', '3546037', 'KRI-0003', ' SAHRAWI', ' KEC-0001', ' DES-0001', ' ALA-0008', 0.0717869, 0.520833, 0.037389),
('PEN-00000003', 'SUB-0014', '3546037', 'KRI-0004', ' SAHRAWI', ' KEC-0001', ' DES-0001', ' ALA-0008', 0.063015, 0.192897, 0.0121554),
('PEN-00000004', 'SUB-0025', '3546037', 'KRI-0005', ' SAHRAWI', ' KEC-0001', ' DES-0001', ' ALA-0008', 0.056436, 0.156122, 0.0088109),
('PEN-00000005', 'SUB-0041', '3546037', 'KRI-0007', ' SAHRAWI', ' KEC-0001', ' DES-0001', ' ALA-0008', 0.0467869, 0.25, 0.0116967),
('PEN-00000006', 'SUB-0033', '3546037', 'KRI-0006', ' SAHRAWI', ' KEC-0001', ' DES-0001', ' ALA-0008', 0.0511729, 0.109563, 0.00560666),
('PEN-00000007', 'SUB-0043', '3546037', 'KRI-0008', ' SAHRAWI', ' KEC-0001', ' DES-0001', ' ALA-0008', 0.0430275, 0.25, 0.0107569),
('PEN-00000008', 'SUB-0051', '3546037', 'KRI-0009', ' SAHRAWI', ' KEC-0001', ' DES-0001', ' ALA-0008', 0.039738, 0.0425295, 0.00169004),
('PEN-00000009', 'SUB-0057', '3546037', 'KRI-0010', ' SAHRAWI', ' KEC-0001', ' DES-0001', ' ALA-0008', 0.036814, 0.277778, 0.0102261),
('PEN-00000010', 'SUB-0073', '3546037', 'KRI-0014', ' SAHRAWI', ' KEC-0001', ' DES-0001', ' ALA-0008', 0.0275728, 0.611111, 0.01685),
('PEN-00000011', 'SUB-0076', '3546037', 'KRI-0015', ' SAHRAWI', ' KEC-0001', ' DES-0001', ' ALA-0008', 0.0256932, 0.408333, 0.0104914),
('PEN-00000012', 'SUB-0089', '3546037', 'KRI-0016', ' SAHRAWI', ' KEC-0001', ' DES-0001', ' ALA-0008', 0.0239388, 0.0262346, 0.000628025),
('PEN-00000013', 'SUB-0060', '3546037', 'KRI-0011', ' SAHRAWI', ' KEC-0001', ' DES-0001', ' ALA-0008', 0.0341825, 0.270833, 0.00925775),
('PEN-00000014', 'SUB-0063', '3546037', 'KRI-0012', ' SAHRAWI', ' KEC-0001', ' DES-0001', ' ALA-0008', 0.0317901, 0.520833, 0.0165573),
('PEN-00000015', 'SUB-0069', '3546037', 'KRI-0013', ' SAHRAWI', ' KEC-0001', ' DES-0001', ' ALA-0008', 0.0295971, 0.158333, 0.0046862),
('PEN-00000016', 'SUB-0092', '3546037', 'KRI-0017', ' SAHRAWI', ' KEC-0001', ' DES-0001', ' ALA-0008', 0.022294, 0.25, 0.0055735),
('PEN-00000017', 'SUB-0112', '3546037', 'KRI-0027', ' SAHRAWI', ' KEC-0001', ' DES-0001', ' ALA-0008', 0.00982848, 0.25, 0.00245712),
('PEN-00000018', 'SUB-0114', '3546037', 'KRI-0028', ' SAHRAWI', ' KEC-0001', ' DES-0001', ' ALA-0008', 0.00885382, 0.25, 0.00221346),
('PEN-00000019', 'SUB-0116', '3546037', 'KRI-0029', ' SAHRAWI', ' KEC-0001', ' DES-0001', ' ALA-0008', 0.00791397, 0.25, 0.00197849),
('PEN-00000020', 'SUB-0094', '3546037', 'KRI-0018', ' SAHRAWI', ' KEC-0001', ' DES-0001', ' ALA-0008', 0.020746, 0.25, 0.0051865),
('PEN-00000021', 'SUB-0118', '3546037', 'KRI-0030', ' SAHRAWI', ' KEC-0001', ' DES-0001', ' ALA-0008', 0.00700653, 0.25, 0.00175163),
('PEN-00000022', 'SUB-0120', '3546037', 'KRI-0031', ' SAHRAWI', ' KEC-0001', ' DES-0001', ' ALA-0008', 0.00612934, 0.25, 0.00153233),
('PEN-00000023', 'SUB-0096', '3546037', 'KRI-0019', ' SAHRAWI', ' KEC-0001', ' DES-0001', ' ALA-0008', 0.0192841, 0.25, 0.00482102),
('PEN-00000024', 'SUB-0098', '3546037', 'KRI-0020', ' SAHRAWI', ' KEC-0001', ' DES-0001', ' ALA-0008', 0.017899, 0.25, 0.00447475),
('PEN-00000025', 'SUB-0099', '3546037', 'KRI-0021', ' SAHRAWI', ' KEC-0001', ' DES-0001', ' ALA-0008', 0.0165832, 0.75, 0.0124374),
('PEN-00000026', 'SUB-0102', '3546037', 'KRI-0022', ' SAHRAWI', ' KEC-0001', ' DES-0001', ' ALA-0008', 0.0153301, 0.25, 0.00383253),
('PEN-00000027', 'SUB-0104', '3546037', 'KRI-0023', ' SAHRAWI', ' KEC-0001', ' DES-0001', ' ALA-0008', 0.0141339, 0.25, 0.00353348),
('PEN-00000028', 'SUB-0106', '3546037', 'KRI-0024', ' SAHRAWI', ' KEC-0001', ' DES-0001', ' ALA-0008', 0.0129898, 0.25, 0.00324745),
('PEN-00000029', 'SUB-0108', '3546037', 'KRI-0025', ' SAHRAWI', ' KEC-0001', ' DES-0001', ' ALA-0008', 0.0118933, 0.25, 0.00297333),
('PEN-00000030', 'SUB-0110', '3546037', 'KRI-0026', ' SAHRAWI', ' KEC-0001', ' DES-0001', ' ALA-0008', 0.0108406, 0.25, 0.00271015),
('PEN-00000031', 'SUB-0121', '3546037', 'KRI-0032', ' SAHRAWI', ' KEC-0001', ' DES-0001', ' ALA-0008', 0.00528044, 0.75, 0.00396033),
('PEN-00000032', 'SUB-0124', '3546037', 'KRI-0033', ' SAHRAWI', ' KEC-0001', ' DES-0001', ' ALA-0008', 0.00445807, 0.25, 0.00111452),
('PEN-00000033', 'SUB-0125', '3546037', 'KRI-0034', ' SAHRAWI', ' KEC-0001', ' DES-0001', ' ALA-0008', 0.00366063, 0.75, 0.00274547),
('PEN-00000034', 'SUB-0128', '3546037', 'KRI-0035', ' SAHRAWI', ' KEC-0001', ' DES-0001', ' ALA-0008', 0.00288663, 0.25, 0.000721657),
('PEN-00000035', 'SUB-0132', '3546037', 'KRI-0037', ' SAHRAWI', ' KEC-0001', ' DES-0001', ' ALA-0008', 0.00140376, 0.25, 0.00035094),
('PEN-00000036', 'SUB-0131', '3546037', 'KRI-0037', ' SAHRAWI', ' KEC-0001', ' DES-0001', ' ALA-0008', 0.00140376, 0.75, 0.00105282),
('PEN-00000037', 'SUB-0134', '3546037', 'KRI-0038', ' SAHRAWI', ' KEC-0001', ' DES-0001', ' ALA-0008', 0.000692521, 0.25, 0.00017313),
('PEN-00000038', 'SUB-0001', '3546037', 'KRI-0001', ' SAHRAWI', ' KEC-0001', ' DES-0001', ' ALA-0008', 0.111261, 0.611111, 0.0679928),
('PEN-00000039', 'SUB-0004', '3491049', 'KRI-0002', ' NAWAKI', ' KEC-0002', ' DES-0021', ' ALA-0106', 0.0849448, 0.456667, 0.0387915),
('PEN-00000040', 'SUB-0009', '3491049', 'KRI-0003', ' NAWAKI', ' KEC-0002', ' DES-0021', ' ALA-0106', 0.0717869, 0.520833, 0.037389),
('PEN-00000041', 'SUB-0021', '3491049', 'KRI-0004', ' NAWAKI', ' KEC-0002', ' DES-0021', ' ALA-0106', 0.063015, 0.0211111, 0.00133032),
('PEN-00000042', 'SUB-0026', '3491049', 'KRI-0005', ' NAWAKI', ' KEC-0002', ' DES-0021', ' ALA-0106', 0.056436, 0.108503, 0.00612348),
('PEN-00000043', 'SUB-0041', '3491049', 'KRI-0007', ' NAWAKI', ' KEC-0002', ' DES-0021', ' ALA-0106', 0.0467869, 0.25, 0.0116967),
('PEN-00000044', 'SUB-0033', '3491049', 'KRI-0006', ' NAWAKI', ' KEC-0002', ' DES-0021', ' ALA-0106', 0.0511729, 0.109563, 0.00560666),
('PEN-00000045', 'SUB-0043', '3491049', 'KRI-0008', ' NAWAKI', ' KEC-0002', ' DES-0021', ' ALA-0106', 0.0430275, 0.25, 0.0107569),
('PEN-00000046', 'SUB-0049', '3491049', 'KRI-0009', ' NAWAKI', ' KEC-0002', ' DES-0021', ' ALA-0106', 0.039738, 0.0683231, 0.00271502),
('PEN-00000047', 'SUB-0058', '3491049', 'KRI-0010', ' NAWAKI', ' KEC-0002', ' DES-0021', ' ALA-0106', 0.036814, 0.111111, 0.00409044),
('PEN-00000048', 'SUB-0073', '3491049', 'KRI-0014', ' NAWAKI', ' KEC-0002', ' DES-0021', ' ALA-0106', 0.0275728, 0.611111, 0.01685),
('PEN-00000049', 'SUB-0081', '3491049', 'KRI-0015', ' NAWAKI', ' KEC-0002', ' DES-0021', ' ALA-0106', 0.0256932, 0.0277778, 0.000713701),
('PEN-00000050', 'SUB-0089', '3491049', 'KRI-0016', ' NAWAKI', ' KEC-0002', ' DES-0021', ' ALA-0106', 0.0239388, 0.0262346, 0.000628025),
('PEN-00000051', 'SUB-0059', '3491049', 'KRI-0011', ' NAWAKI', ' KEC-0002', ' DES-0021', ' ALA-0106', 0.0341825, 0.520833, 0.0178034),
('PEN-00000052', 'SUB-0065', '3491049', 'KRI-0012', ' NAWAKI', ' KEC-0002', ' DES-0021', ' ALA-0106', 0.0317901, 0.145833, 0.00463605),
('PEN-00000053', 'SUB-0069', '3491049', 'KRI-0013', ' NAWAKI', ' KEC-0002', ' DES-0021', ' ALA-0106', 0.0295971, 0.158333, 0.0046862),
('PEN-00000054', 'SUB-0092', '3491049', 'KRI-0017', ' NAWAKI', ' KEC-0002', ' DES-0021', ' ALA-0106', 0.022294, 0.25, 0.0055735),
('PEN-00000055', 'SUB-0112', '3491049', 'KRI-0027', ' NAWAKI', ' KEC-0002', ' DES-0021', ' ALA-0106', 0.00982848, 0.25, 0.00245712),
('PEN-00000056', 'SUB-0114', '3491049', 'KRI-0028', ' NAWAKI', ' KEC-0002', ' DES-0021', ' ALA-0106', 0.00885382, 0.25, 0.00221346),
('PEN-00000057', 'SUB-0116', '3491049', 'KRI-0029', ' NAWAKI', ' KEC-0002', ' DES-0021', ' ALA-0106', 0.00791397, 0.25, 0.00197849),
('PEN-00000058', 'SUB-0094', '3491049', 'KRI-0018', ' NAWAKI', ' KEC-0002', ' DES-0021', ' ALA-0106', 0.020746, 0.25, 0.0051865),
('PEN-00000059', 'SUB-0118', '3491049', 'KRI-0030', ' NAWAKI', ' KEC-0002', ' DES-0021', ' ALA-0106', 0.00700653, 0.25, 0.00175163),
('PEN-00000060', 'SUB-0120', '3491049', 'KRI-0031', ' NAWAKI', ' KEC-0002', ' DES-0021', ' ALA-0106', 0.00612934, 0.25, 0.00153233),
('PEN-00000061', 'SUB-0096', '3491049', 'KRI-0019', ' NAWAKI', ' KEC-0002', ' DES-0021', ' ALA-0106', 0.0192841, 0.25, 0.00482102),
('PEN-00000062', 'SUB-0098', '3491049', 'KRI-0020', ' NAWAKI', ' KEC-0002', ' DES-0021', ' ALA-0106', 0.017899, 0.25, 0.00447475),
('PEN-00000063', 'SUB-0100', '3491049', 'KRI-0021', ' NAWAKI', ' KEC-0002', ' DES-0021', ' ALA-0106', 0.0165832, 0.25, 0.0041458),
('PEN-00000064', 'SUB-0102', '3491049', 'KRI-0022', ' NAWAKI', ' KEC-0002', ' DES-0021', ' ALA-0106', 0.0153301, 0.25, 0.00383253),
('PEN-00000065', 'SUB-0104', '3491049', 'KRI-0023', ' NAWAKI', ' KEC-0002', ' DES-0021', ' ALA-0106', 0.0141339, 0.25, 0.00353348),
('PEN-00000066', 'SUB-0106', '3491049', 'KRI-0024', ' NAWAKI', ' KEC-0002', ' DES-0021', ' ALA-0106', 0.0129898, 0.25, 0.00324745),
('PEN-00000067', 'SUB-0108', '3491049', 'KRI-0025', ' NAWAKI', ' KEC-0002', ' DES-0021', ' ALA-0106', 0.0118933, 0.25, 0.00297333),
('PEN-00000068', 'SUB-0110', '3491049', 'KRI-0026', ' NAWAKI', ' KEC-0002', ' DES-0021', ' ALA-0106', 0.0108406, 0.25, 0.00271015),
('PEN-00000069', 'SUB-0121', '3491049', 'KRI-0032', ' NAWAKI', ' KEC-0002', ' DES-0021', ' ALA-0106', 0.00528044, 0.75, 0.00396033),
('PEN-00000070', 'SUB-0124', '3491049', 'KRI-0033', ' NAWAKI', ' KEC-0002', ' DES-0021', ' ALA-0106', 0.00445807, 0.25, 0.00111452),
('PEN-00000071', 'SUB-0125', '3491049', 'KRI-0034', ' NAWAKI', ' KEC-0002', ' DES-0021', ' ALA-0106', 0.00366063, 0.75, 0.00274547),
('PEN-00000072', 'SUB-0128', '3491049', 'KRI-0035', ' NAWAKI', ' KEC-0002', ' DES-0021', ' ALA-0106', 0.00288663, 0.25, 0.000721657),
('PEN-00000073', 'SUB-0130', '3491049', 'KRI-0036', ' NAWAKI', ' KEC-0002', ' DES-0021', ' ALA-0106', 0.00213475, 0.25, 0.000533687),
('PEN-00000074', 'SUB-0131', '3491049', 'KRI-0037', ' NAWAKI', ' KEC-0002', ' DES-0021', ' ALA-0106', 0.00140376, 0.75, 0.00105282),
('PEN-00000075', 'SUB-0134', '3491049', 'KRI-0038', ' NAWAKI', ' KEC-0002', ' DES-0021', ' ALA-0106', 0.000692521, 0.25, 0.00017313),
('PEN-00000076', 'SUB-0003', '3491049', 'KRI-0001', ' NAWAKI', ' KEC-0002', ' DES-0021', ' ALA-0106', 0.111261, 0.111111, 0.0123623),
('PEN-00000077', 'SUB-0004', '3523546', 'KRI-0002', ' DULASAT', ' KEC-0003', ' DES-0035', ' ALA-0181', 0.0849448, 0.456667, 0.0387915),
('PEN-00000078', 'SUB-0009', '3523546', 'KRI-0003', ' DULASAT', ' KEC-0003', ' DES-0035', ' ALA-0181', 0.0717869, 0.520833, 0.037389),
('PEN-00000079', 'SUB-0021', '3523546', 'KRI-0004', ' DULASAT', ' KEC-0003', ' DES-0035', ' ALA-0181', 0.063015, 0.0211111, 0.00133032),
('PEN-00000080', 'SUB-0025', '3523546', 'KRI-0005', ' DULASAT', ' KEC-0003', ' DES-0035', ' ALA-0181', 0.056436, 0.156122, 0.0088109),
('PEN-00000081', 'SUB-0041', '3523546', 'KRI-0007', ' DULASAT', ' KEC-0003', ' DES-0035', ' ALA-0181', 0.0467869, 0.25, 0.0116967),
('PEN-00000082', 'SUB-0033', '3523546', 'KRI-0006', ' DULASAT', ' KEC-0003', ' DES-0035', ' ALA-0181', 0.0511729, 0.109563, 0.00560666),
('PEN-00000083', 'SUB-0043', '3523546', 'KRI-0008', ' DULASAT', ' KEC-0003', ' DES-0035', ' ALA-0181', 0.0430275, 0.25, 0.0107569),
('PEN-00000084', 'SUB-0053', '3523546', 'KRI-0009', ' DULASAT', ' KEC-0003', ' DES-0035', ' ALA-0181', 0.039738, 0.0228535, 0.000908152),
('PEN-00000085', 'SUB-0058', '3523546', 'KRI-0010', ' DULASAT', ' KEC-0003', ' DES-0035', ' ALA-0181', 0.036814, 0.111111, 0.00409044),
('PEN-00000086', 'SUB-0073', '3523546', 'KRI-0014', ' DULASAT', ' KEC-0003', ' DES-0035', ' ALA-0181', 0.0275728, 0.611111, 0.01685),
('PEN-00000087', 'SUB-0076', '3523546', 'KRI-0015', ' DULASAT', ' KEC-0003', ' DES-0035', ' ALA-0181', 0.0256932, 0.408333, 0.0104914),
('PEN-00000088', 'SUB-0089', '3523546', 'KRI-0016', ' DULASAT', ' KEC-0003', ' DES-0035', ' ALA-0181', 0.0239388, 0.0262346, 0.000628025),
('PEN-00000089', 'SUB-0059', '3523546', 'KRI-0011', ' DULASAT', ' KEC-0003', ' DES-0035', ' ALA-0181', 0.0341825, 0.520833, 0.0178034),
('PEN-00000090', 'SUB-0065', '3523546', 'KRI-0012', ' DULASAT', ' KEC-0003', ' DES-0035', ' ALA-0181', 0.0317901, 0.145833, 0.00463605),
('PEN-00000091', 'SUB-0069', '3523546', 'KRI-0013', ' DULASAT', ' KEC-0003', ' DES-0035', ' ALA-0181', 0.0295971, 0.158333, 0.0046862),
('PEN-00000092', 'SUB-0092', '3523546', 'KRI-0017', ' DULASAT', ' KEC-0003', ' DES-0035', ' ALA-0181', 0.022294, 0.25, 0.0055735),
('PEN-00000093', 'SUB-0112', '3523546', 'KRI-0027', ' DULASAT', ' KEC-0003', ' DES-0035', ' ALA-0181', 0.00982848, 0.25, 0.00245712),
('PEN-00000094', 'SUB-0114', '3523546', 'KRI-0028', ' DULASAT', ' KEC-0003', ' DES-0035', ' ALA-0181', 0.00885382, 0.25, 0.00221346),
('PEN-00000095', 'SUB-0116', '3523546', 'KRI-0029', ' DULASAT', ' KEC-0003', ' DES-0035', ' ALA-0181', 0.00791397, 0.25, 0.00197849),
('PEN-00000096', 'SUB-0094', '3523546', 'KRI-0018', ' DULASAT', ' KEC-0003', ' DES-0035', ' ALA-0181', 0.020746, 0.25, 0.0051865),
('PEN-00000097', 'SUB-0118', '3523546', 'KRI-0030', ' DULASAT', ' KEC-0003', ' DES-0035', ' ALA-0181', 0.00700653, 0.25, 0.00175163),
('PEN-00000098', 'SUB-0120', '3523546', 'KRI-0031', ' DULASAT', ' KEC-0003', ' DES-0035', ' ALA-0181', 0.00612934, 0.25, 0.00153233),
('PEN-00000099', 'SUB-0096', '3523546', 'KRI-0019', ' DULASAT', ' KEC-0003', ' DES-0035', ' ALA-0181', 0.0192841, 0.25, 0.00482102),
('PEN-00000100', 'SUB-0098', '3523546', 'KRI-0020', ' DULASAT', ' KEC-0003', ' DES-0035', ' ALA-0181', 0.017899, 0.25, 0.00447475),
('PEN-00000101', 'SUB-0100', '3523546', 'KRI-0021', ' DULASAT', ' KEC-0003', ' DES-0035', ' ALA-0181', 0.0165832, 0.25, 0.0041458),
('PEN-00000102', 'SUB-0102', '3523546', 'KRI-0022', ' DULASAT', ' KEC-0003', ' DES-0035', ' ALA-0181', 0.0153301, 0.25, 0.00383253),
('PEN-00000103', 'SUB-0104', '3523546', 'KRI-0023', ' DULASAT', ' KEC-0003', ' DES-0035', ' ALA-0181', 0.0141339, 0.25, 0.00353348),
('PEN-00000104', 'SUB-0106', '3523546', 'KRI-0024', ' DULASAT', ' KEC-0003', ' DES-0035', ' ALA-0181', 0.0129898, 0.25, 0.00324745),
('PEN-00000105', 'SUB-0108', '3523546', 'KRI-0025', ' DULASAT', ' KEC-0003', ' DES-0035', ' ALA-0181', 0.0118933, 0.25, 0.00297333),
('PEN-00000106', 'SUB-0110', '3523546', 'KRI-0026', ' DULASAT', ' KEC-0003', ' DES-0035', ' ALA-0181', 0.0108406, 0.25, 0.00271015),
('PEN-00000107', 'SUB-0121', '3523546', 'KRI-0032', ' DULASAT', ' KEC-0003', ' DES-0035', ' ALA-0181', 0.00528044, 0.75, 0.00396033),
('PEN-00000108', 'SUB-0124', '3523546', 'KRI-0033', ' DULASAT', ' KEC-0003', ' DES-0035', ' ALA-0181', 0.00445807, 0.25, 0.00111452),
('PEN-00000109', 'SUB-0126', '3523546', 'KRI-0034', ' DULASAT', ' KEC-0003', ' DES-0035', ' ALA-0181', 0.00366063, 0.25, 0.000915157),
('PEN-00000110', 'SUB-0128', '3523546', 'KRI-0035', ' DULASAT', ' KEC-0003', ' DES-0035', ' ALA-0181', 0.00288663, 0.25, 0.000721657),
('PEN-00000111', 'SUB-0130', '3523546', 'KRI-0036', ' DULASAT', ' KEC-0003', ' DES-0035', ' ALA-0181', 0.00213475, 0.25, 0.000533687),
('PEN-00000112', 'SUB-0131', '3523546', 'KRI-0037', ' DULASAT', ' KEC-0003', ' DES-0035', ' ALA-0181', 0.00140376, 0.75, 0.00105282),
('PEN-00000113', 'SUB-0134', '3523546', 'KRI-0038', ' DULASAT', ' KEC-0003', ' DES-0035', ' ALA-0181', 0.000692521, 0.25, 0.00017313),
('PEN-00000114', 'SUB-0001', '3523546', 'KRI-0001', ' DULASAT', ' KEC-0003', ' DES-0035', ' ALA-0181', 0.111261, 0.611111, 0.0679928),
('PEN-00000115', 'SUB-0004', '3560050', 'KRI-0002', ' HARIYEH', ' KEC-0004', ' DES-0049', ' ALA-0234', 0.0849448, 0.456667, 0.0387915),
('PEN-00000116', 'SUB-0009', '3560050', 'KRI-0003', ' HARIYEH', ' KEC-0004', ' DES-0049', ' ALA-0234', 0.0717869, 0.520833, 0.037389),
('PEN-00000117', 'SUB-0021', '3560050', 'KRI-0004', ' HARIYEH', ' KEC-0004', ' DES-0049', ' ALA-0234', 0.063015, 0.0211111, 0.00133032),
('PEN-00000118', 'SUB-0025', '3560050', 'KRI-0005', ' HARIYEH', ' KEC-0004', ' DES-0049', ' ALA-0234', 0.056436, 0.156122, 0.0088109),
('PEN-00000119', 'SUB-0033', '3560050', 'KRI-0006', ' HARIYEH', ' KEC-0004', ' DES-0049', ' ALA-0234', 0.0511729, 0.109563, 0.00560666),
('PEN-00000120', 'SUB-0043', '3560050', 'KRI-0008', ' HARIYEH', ' KEC-0004', ' DES-0049', ' ALA-0234', 0.0430275, 0.25, 0.0107569),
('PEN-00000121', 'SUB-0049', '3560050', 'KRI-0009', ' HARIYEH', ' KEC-0004', ' DES-0049', ' ALA-0234', 0.039738, 0.0683231, 0.00271502),
('PEN-00000122', 'SUB-0058', '3560050', 'KRI-0010', ' HARIYEH', ' KEC-0004', ' DES-0049', ' ALA-0234', 0.036814, 0.111111, 0.00409044),
('PEN-00000123', 'SUB-0073', '3560050', 'KRI-0014', ' HARIYEH', ' KEC-0004', ' DES-0049', ' ALA-0234', 0.0275728, 0.611111, 0.01685),
('PEN-00000124', 'SUB-0076', '3560050', 'KRI-0015', ' HARIYEH', ' KEC-0004', ' DES-0049', ' ALA-0234', 0.0256932, 0.408333, 0.0104914),
('PEN-00000125', 'SUB-0089', '3560050', 'KRI-0016', ' HARIYEH', ' KEC-0004', ' DES-0049', ' ALA-0234', 0.0239388, 0.0262346, 0.000628025),
('PEN-00000126', 'SUB-0059', '3560050', 'KRI-0011', ' HARIYEH', ' KEC-0004', ' DES-0049', ' ALA-0234', 0.0341825, 0.520833, 0.0178034),
('PEN-00000127', 'SUB-0063', '3560050', 'KRI-0012', ' HARIYEH', ' KEC-0004', ' DES-0049', ' ALA-0234', 0.0317901, 0.520833, 0.0165573),
('PEN-00000128', 'SUB-0067', '3560050', 'KRI-0013', ' HARIYEH', ' KEC-0004', ' DES-0049', ' ALA-0234', 0.0295971, 0.408333, 0.0120855),
('PEN-00000129', 'SUB-0092', '3560050', 'KRI-0017', ' HARIYEH', ' KEC-0004', ' DES-0049', ' ALA-0234', 0.022294, 0.25, 0.0055735),
('PEN-00000130', 'SUB-0112', '3560050', 'KRI-0027', ' HARIYEH', ' KEC-0004', ' DES-0049', ' ALA-0234', 0.00982848, 0.25, 0.00245712),
('PEN-00000131', 'SUB-0114', '3560050', 'KRI-0028', ' HARIYEH', ' KEC-0004', ' DES-0049', ' ALA-0234', 0.00885382, 0.25, 0.00221346),
('PEN-00000132', 'SUB-0116', '3560050', 'KRI-0029', ' HARIYEH', ' KEC-0004', ' DES-0049', ' ALA-0234', 0.00791397, 0.25, 0.00197849),
('PEN-00000133', 'SUB-0094', '3560050', 'KRI-0018', ' HARIYEH', ' KEC-0004', ' DES-0049', ' ALA-0234', 0.020746, 0.25, 0.0051865),
('PEN-00000134', 'SUB-0117', '3560050', 'KRI-0030', ' HARIYEH', ' KEC-0004', ' DES-0049', ' ALA-0234', 0.00700653, 0.75, 0.0052549),
('PEN-00000135', 'SUB-0120', '3560050', 'KRI-0031', ' HARIYEH', ' KEC-0004', ' DES-0049', ' ALA-0234', 0.00612934, 0.25, 0.00153233),
('PEN-00000136', 'SUB-0096', '3560050', 'KRI-0019', ' HARIYEH', ' KEC-0004', ' DES-0049', ' ALA-0234', 0.0192841, 0.25, 0.00482102),
('PEN-00000137', 'SUB-0098', '3560050', 'KRI-0020', ' HARIYEH', ' KEC-0004', ' DES-0049', ' ALA-0234', 0.017899, 0.25, 0.00447475),
('PEN-00000138', 'SUB-0100', '3560050', 'KRI-0021', ' HARIYEH', ' KEC-0004', ' DES-0049', ' ALA-0234', 0.0165832, 0.25, 0.0041458),
('PEN-00000139', 'SUB-0102', '3560050', 'KRI-0022', ' HARIYEH', ' KEC-0004', ' DES-0049', ' ALA-0234', 0.0153301, 0.25, 0.00383253),
('PEN-00000140', 'SUB-0104', '3560050', 'KRI-0023', ' HARIYEH', ' KEC-0004', ' DES-0049', ' ALA-0234', 0.0141339, 0.25, 0.00353348),
('PEN-00000141', 'SUB-0106', '3560050', 'KRI-0024', ' HARIYEH', ' KEC-0004', ' DES-0049', ' ALA-0234', 0.0129898, 0.25, 0.00324745),
('PEN-00000142', 'SUB-0108', '3560050', 'KRI-0025', ' HARIYEH', ' KEC-0004', ' DES-0049', ' ALA-0234', 0.0118933, 0.25, 0.00297333),
('PEN-00000143', 'SUB-0110', '3560050', 'KRI-0026', ' HARIYEH', ' KEC-0004', ' DES-0049', ' ALA-0234', 0.0108406, 0.25, 0.00271015),
('PEN-00000144', 'SUB-0121', '3560050', 'KRI-0032', ' HARIYEH', ' KEC-0004', ' DES-0049', ' ALA-0234', 0.00528044, 0.75, 0.00396033),
('PEN-00000145', 'SUB-0124', '3560050', 'KRI-0033', ' HARIYEH', ' KEC-0004', ' DES-0049', ' ALA-0234', 0.00445807, 0.25, 0.00111452),
('PEN-00000146', 'SUB-0126', '3560050', 'KRI-0034', ' HARIYEH', ' KEC-0004', ' DES-0049', ' ALA-0234', 0.00366063, 0.25, 0.000915157),
('PEN-00000147', 'SUB-0128', '3560050', 'KRI-0035', ' HARIYEH', ' KEC-0004', ' DES-0049', ' ALA-0234', 0.00288663, 0.25, 0.000721657),
('PEN-00000148', 'SUB-0130', '3560050', 'KRI-0036', ' HARIYEH', ' KEC-0004', ' DES-0049', ' ALA-0234', 0.00213475, 0.25, 0.000533687),
('PEN-00000149', 'SUB-0131', '3560050', 'KRI-0037', ' HARIYEH', ' KEC-0004', ' DES-0049', ' ALA-0234', 0.00140376, 0.75, 0.00105282),
('PEN-00000150', 'SUB-0134', '3560050', 'KRI-0038', ' HARIYEH', ' KEC-0004', ' DES-0049', ' ALA-0234', 0.000692521, 0.25, 0.00017313),
('PEN-00000151', 'SUB-0002', '3560050', 'KRI-0001', ' HARIYEH', ' KEC-0004', ' DES-0049', ' ALA-0234', 0.111261, 0.277778, 0.0309059),
('PEN-00000152', 'SUB-0040', '3560050', 'KRI-0007', ' HARIYEH', ' KEC-0004', ' DES-0049', ' ALA-0234', 0.0467869, 0.75, 0.0350902),
('PEN-00000153', 'SUB-0004', '3512922', 'KRI-0002', ' MUKIT', ' KEC-0005', ' DES-0056', ' ALA-0287', 0.0849448, 0.456667, 0.0387915),
('PEN-00000154', 'SUB-0009', '3512922', 'KRI-0003', ' MUKIT', ' KEC-0005', ' DES-0056', ' ALA-0287', 0.0717869, 0.520833, 0.037389),
('PEN-00000155', 'SUB-0021', '3512922', 'KRI-0004', ' MUKIT', ' KEC-0005', ' DES-0056', ' ALA-0287', 0.063015, 0.0211111, 0.00133032),
('PEN-00000156', 'SUB-0026', '3512922', 'KRI-0005', ' MUKIT', ' KEC-0005', ' DES-0056', ' ALA-0287', 0.056436, 0.108503, 0.00612348),
('PEN-00000157', 'SUB-0041', '3512922', 'KRI-0007', ' MUKIT', ' KEC-0005', ' DES-0056', ' ALA-0287', 0.0467869, 0.25, 0.0116967),
('PEN-00000158', 'SUB-0033', '3512922', 'KRI-0006', ' MUKIT', ' KEC-0005', ' DES-0056', ' ALA-0287', 0.0511729, 0.109563, 0.00560666),
('PEN-00000159', 'SUB-0043', '3512922', 'KRI-0008', ' MUKIT', ' KEC-0005', ' DES-0056', ' ALA-0287', 0.0430275, 0.25, 0.0107569),
('PEN-00000160', 'SUB-0050', '3512922', 'KRI-0009', ' MUKIT', ' KEC-0005', ' DES-0056', ' ALA-0287', 0.039738, 0.0544342, 0.00216311),
('PEN-00000161', 'SUB-0058', '3512922', 'KRI-0010', ' MUKIT', ' KEC-0005', ' DES-0056', ' ALA-0287', 0.036814, 0.111111, 0.00409044),
('PEN-00000162', 'SUB-0073', '3512922', 'KRI-0014', ' MUKIT', ' KEC-0005', ' DES-0056', ' ALA-0287', 0.0275728, 0.611111, 0.01685),
('PEN-00000163', 'SUB-0081', '3512922', 'KRI-0015', ' MUKIT', ' KEC-0005', ' DES-0056', ' ALA-0287', 0.0256932, 0.0277778, 0.000713701),
('PEN-00000164', 'SUB-0089', '3512922', 'KRI-0016', ' MUKIT', ' KEC-0005', ' DES-0056', ' ALA-0287', 0.0239388, 0.0262346, 0.000628025),
('PEN-00000165', 'SUB-0059', '3512922', 'KRI-0011', ' MUKIT', ' KEC-0005', ' DES-0056', ' ALA-0287', 0.0341825, 0.520833, 0.0178034),
('PEN-00000166', 'SUB-0065', '3512922', 'KRI-0012', ' MUKIT', ' KEC-0005', ' DES-0056', ' ALA-0287', 0.0317901, 0.145833, 0.00463605),
('PEN-00000167', 'SUB-0069', '3512922', 'KRI-0013', ' MUKIT', ' KEC-0005', ' DES-0056', ' ALA-0287', 0.0295971, 0.158333, 0.0046862),
('PEN-00000168', 'SUB-0092', '3512922', 'KRI-0017', ' MUKIT', ' KEC-0005', ' DES-0056', ' ALA-0287', 0.022294, 0.25, 0.0055735),
('PEN-00000169', 'SUB-0112', '3512922', 'KRI-0027', ' MUKIT', ' KEC-0005', ' DES-0056', ' ALA-0287', 0.00982848, 0.25, 0.00245712),
('PEN-00000170', 'SUB-0114', '3512922', 'KRI-0028', ' MUKIT', ' KEC-0005', ' DES-0056', ' ALA-0287', 0.00885382, 0.25, 0.00221346),
('PEN-00000171', 'SUB-0116', '3512922', 'KRI-0029', ' MUKIT', ' KEC-0005', ' DES-0056', ' ALA-0287', 0.00791397, 0.25, 0.00197849),
('PEN-00000172', 'SUB-0094', '3512922', 'KRI-0018', ' MUKIT', ' KEC-0005', ' DES-0056', ' ALA-0287', 0.020746, 0.25, 0.0051865),
('PEN-00000173', 'SUB-0118', '3512922', 'KRI-0030', ' MUKIT', ' KEC-0005', ' DES-0056', ' ALA-0287', 0.00700653, 0.25, 0.00175163),
('PEN-00000174', 'SUB-0120', '3512922', 'KRI-0031', ' MUKIT', ' KEC-0005', ' DES-0056', ' ALA-0287', 0.00612934, 0.25, 0.00153233),
('PEN-00000175', 'SUB-0096', '3512922', 'KRI-0019', ' MUKIT', ' KEC-0005', ' DES-0056', ' ALA-0287', 0.0192841, 0.25, 0.00482102),
('PEN-00000176', 'SUB-0098', '3512922', 'KRI-0020', ' MUKIT', ' KEC-0005', ' DES-0056', ' ALA-0287', 0.017899, 0.25, 0.00447475),
('PEN-00000177', 'SUB-0099', '3512922', 'KRI-0021', ' MUKIT', ' KEC-0005', ' DES-0056', ' ALA-0287', 0.0165832, 0.75, 0.0124374),
('PEN-00000178', 'SUB-0106', '3512922', 'KRI-0022', ' MUKIT', ' KEC-0005', ' DES-0056', ' ALA-0287', 0.0153301, 0.25, 0.00383253),
('PEN-00000179', 'SUB-0104', '3512922', 'KRI-0023', ' MUKIT', ' KEC-0005', ' DES-0056', ' ALA-0287', 0.0141339, 0.25, 0.00353348),
('PEN-00000180', 'SUB-0106', '3512922', 'KRI-0024', ' MUKIT', ' KEC-0005', ' DES-0056', ' ALA-0287', 0.0129898, 0.25, 0.00324745),
('PEN-00000181', 'SUB-0108', '3512922', 'KRI-0025', ' MUKIT', ' KEC-0005', ' DES-0056', ' ALA-0287', 0.0118933, 0.25, 0.00297333),
('PEN-00000182', 'SUB-0110', '3512922', 'KRI-0026', ' MUKIT', ' KEC-0005', ' DES-0056', ' ALA-0287', 0.0108406, 0.25, 0.00271015),
('PEN-00000183', 'SUB-0121', '3512922', 'KRI-0032', ' MUKIT', ' KEC-0005', ' DES-0056', ' ALA-0287', 0.00528044, 0.75, 0.00396033),
('PEN-00000184', 'SUB-0124', '3512922', 'KRI-0033', ' MUKIT', ' KEC-0005', ' DES-0056', ' ALA-0287', 0.00445807, 0.25, 0.00111452),
('PEN-00000185', 'SUB-0125', '3512922', 'KRI-0034', ' MUKIT', ' KEC-0005', ' DES-0056', ' ALA-0287', 0.00366063, 0.75, 0.00274547),
('PEN-00000186', 'SUB-0127', '3512922', 'KRI-0035', ' MUKIT', ' KEC-0005', ' DES-0056', ' ALA-0287', 0.00288663, 0.75, 0.00216497),
('PEN-00000187', 'SUB-0130', '3512922', 'KRI-0036', ' MUKIT', ' KEC-0005', ' DES-0056', ' ALA-0287', 0.00213475, 0.25, 0.000533687),
('PEN-00000188', 'SUB-0131', '3512922', 'KRI-0037', ' MUKIT', ' KEC-0005', ' DES-0056', ' ALA-0287', 0.00140376, 0.75, 0.00105282),
('PEN-00000189', 'SUB-0134', '3512922', 'KRI-0038', ' MUKIT', ' KEC-0005', ' DES-0056', ' ALA-0287', 0.000692521, 0.25, 0.00017313),
('PEN-00000190', 'SUB-0001', '3512922', 'KRI-0001', ' MUKIT', ' KEC-0005', ' DES-0056', ' ALA-0287', 0.111261, 0.611111, 0.0679928),
('PEN-00000191', 'SUB-0004', '3585347', 'KRI-0002', ' SI''EN', ' KEC-0006', ' DES-0074', ' ALA-0387', 0.0849448, 0.456667, 0.0387915),
('PEN-00000192', 'SUB-0009', '3585347', 'KRI-0003', ' SI''EN', ' KEC-0006', ' DES-0074', ' ALA-0387', 0.0717869, 0.520833, 0.037389),
('PEN-00000193', 'SUB-0018', '3585347', 'KRI-0004', ' SI''EN', ' KEC-0006', ' DES-0074', ' ALA-0387', 0.063015, 0.0645635, 0.00406847),
('PEN-00000194', 'SUB-0025', '3585347', 'KRI-0005', ' SI''EN', ' KEC-0006', ' DES-0074', ' ALA-0387', 0.056436, 0.156122, 0.0088109),
('PEN-00000195', 'SUB-0041', '3585347', 'KRI-0007', ' SI''EN', ' KEC-0006', ' DES-0074', ' ALA-0387', 0.0467869, 0.25, 0.0116967),
('PEN-00000196', 'SUB-0033', '3585347', 'KRI-0006', ' SI''EN', ' KEC-0006', ' DES-0074', ' ALA-0387', 0.0511729, 0.109563, 0.00560666),
('PEN-00000197', 'SUB-0042', '3585347', 'KRI-0008', ' SI''EN', ' KEC-0006', ' DES-0074', ' ALA-0387', 0.0430275, 0.75, 0.0322706),
('PEN-00000198', 'SUB-0050', '3585347', 'KRI-0009', ' SI''EN', ' KEC-0006', ' DES-0074', ' ALA-0387', 0.039738, 0.0544342, 0.00216311),
('PEN-00000199', 'SUB-0058', '3585347', 'KRI-0010', ' SI''EN', ' KEC-0006', ' DES-0074', ' ALA-0387', 0.036814, 0.111111, 0.00409044),
('PEN-00000200', 'SUB-0073', '3585347', 'KRI-0014', ' SI''EN', ' KEC-0006', ' DES-0074', ' ALA-0387', 0.0275728, 0.611111, 0.01685),
('PEN-00000201', 'SUB-0076', '3585347', 'KRI-0015', ' SI''EN', ' KEC-0006', ' DES-0074', ' ALA-0387', 0.0256932, 0.408333, 0.0104914),
('PEN-00000202', 'SUB-0084', '3585347', 'KRI-0016', ' SI''EN', ' KEC-0006', ' DES-0074', ' ALA-0387', 0.0239388, 0.147663, 0.00353488),
('PEN-00000203', 'SUB-0059', '3585347', 'KRI-0011', ' SI''EN', ' KEC-0006', ' DES-0074', ' ALA-0387', 0.0341825, 0.520833, 0.0178034),
('PEN-00000204', 'SUB-0063', '3585347', 'KRI-0012', ' SI''EN', ' KEC-0006', ' DES-0074', ' ALA-0387', 0.0317901, 0.520833, 0.0165573),
('PEN-00000205', 'SUB-0067', '3585347', 'KRI-0013', ' SI''EN', ' KEC-0006', ' DES-0074', ' ALA-0387', 0.0295971, 0.408333, 0.0120855),
('PEN-00000206', 'SUB-0092', '3585347', 'KRI-0017', ' SI''EN', ' KEC-0006', ' DES-0074', ' ALA-0387', 0.022294, 0.25, 0.0055735),
('PEN-00000207', 'SUB-0106', '3585347', 'KRI-0027', ' SI''EN', ' KEC-0006', ' DES-0074', ' ALA-0387', 0.00982848, 0.25, 0.00245712),
('PEN-00000208', 'SUB-0114', '3585347', 'KRI-0028', ' SI''EN', ' KEC-0006', ' DES-0074', ' ALA-0387', 0.00885382, 0.25, 0.00221346),
('PEN-00000209', 'SUB-0116', '3585347', 'KRI-0029', ' SI''EN', ' KEC-0006', ' DES-0074', ' ALA-0387', 0.00791397, 0.25, 0.00197849),
('PEN-00000210', 'SUB-0094', '3585347', 'KRI-0018', ' SI''EN', ' KEC-0006', ' DES-0074', ' ALA-0387', 0.020746, 0.25, 0.0051865),
('PEN-00000211', 'SUB-0118', '3585347', 'KRI-0030', ' SI''EN', ' KEC-0006', ' DES-0074', ' ALA-0387', 0.00700653, 0.25, 0.00175163),
('PEN-00000212', 'SUB-0120', '3585347', 'KRI-0031', ' SI''EN', ' KEC-0006', ' DES-0074', ' ALA-0387', 0.00612934, 0.25, 0.00153233),
('PEN-00000213', 'SUB-0096', '3585347', 'KRI-0019', ' SI''EN', ' KEC-0006', ' DES-0074', ' ALA-0387', 0.0192841, 0.25, 0.00482102),
('PEN-00000214', 'SUB-0098', '3585347', 'KRI-0020', ' SI''EN', ' KEC-0006', ' DES-0074', ' ALA-0387', 0.017899, 0.25, 0.00447475),
('PEN-00000215', 'SUB-0100', '3585347', 'KRI-0021', ' SI''EN', ' KEC-0006', ' DES-0074', ' ALA-0387', 0.0165832, 0.25, 0.0041458),
('PEN-00000216', 'SUB-0102', '3585347', 'KRI-0022', ' SI''EN', ' KEC-0006', ' DES-0074', ' ALA-0387', 0.0153301, 0.25, 0.00383253),
('PEN-00000217', 'SUB-0104', '3585347', 'KRI-0023', ' SI''EN', ' KEC-0006', ' DES-0074', ' ALA-0387', 0.0141339, 0.25, 0.00353348),
('PEN-00000218', 'SUB-0106', '3585347', 'KRI-0024', ' SI''EN', ' KEC-0006', ' DES-0074', ' ALA-0387', 0.0129898, 0.25, 0.00324745),
('PEN-00000219', 'SUB-0108', '3585347', 'KRI-0025', ' SI''EN', ' KEC-0006', ' DES-0074', ' ALA-0387', 0.0118933, 0.25, 0.00297333),
('PEN-00000220', 'SUB-0110', '3585347', 'KRI-0026', ' SI''EN', ' KEC-0006', ' DES-0074', ' ALA-0387', 0.0108406, 0.25, 0.00271015),
('PEN-00000221', 'SUB-0121', '3585347', 'KRI-0032', ' SI''EN', ' KEC-0006', ' DES-0074', ' ALA-0387', 0.00528044, 0.75, 0.00396033),
('PEN-00000222', 'SUB-0094', '3585347', 'KRI-0033', ' SI''EN', ' KEC-0006', ' DES-0074', ' ALA-0387', 0.00445807, 0.25, 0.00111452),
('PEN-00000223', 'SUB-0125', '3585347', 'KRI-0034', ' SI''EN', ' KEC-0006', ' DES-0074', ' ALA-0387', 0.00366063, 0.75, 0.00274547),
('PEN-00000224', 'SUB-0128', '3585347', 'KRI-0035', ' SI''EN', ' KEC-0006', ' DES-0074', ' ALA-0387', 0.00288663, 0.25, 0.000721657),
('PEN-00000225', 'SUB-0130', '3585347', 'KRI-0036', ' SI''EN', ' KEC-0006', ' DES-0074', ' ALA-0387', 0.00213475, 0.25, 0.000533687),
('PEN-00000226', 'SUB-0131', '3585347', 'KRI-0037', ' SI''EN', ' KEC-0006', ' DES-0074', ' ALA-0387', 0.00140376, 0.75, 0.00105282),
('PEN-00000227', 'SUB-0134', '3585347', 'KRI-0038', ' SI''EN', ' KEC-0006', ' DES-0074', ' ALA-0387', 0.000692521, 0.25, 0.00017313),
('PEN-00000228', 'SUB-0003', '3585347', 'KRI-0001', ' SI''EN', ' KEC-0006', ' DES-0074', ' ALA-0387', 0.111261, 0.111111, 0.0123623),
('PEN-00000229', 'SUB-0004', '3504643', 'KRI-0002', ' HANAFI', ' KEC-0007', ' DES-0088', ' ALA-0518', 0.0849448, 0.456667, 0.0387915),
('PEN-00000230', 'SUB-0009', '3504643', 'KRI-0003', ' HANAFI', ' KEC-0007', ' DES-0088', ' ALA-0518', 0.0717869, 0.520833, 0.037389),
('PEN-00000231', 'SUB-0021', '3504643', 'KRI-0004', ' HANAFI', ' KEC-0007', ' DES-0088', ' ALA-0518', 0.063015, 0.0211111, 0.00133032),
('PEN-00000232', 'SUB-0026', '3504643', 'KRI-0005', ' HANAFI', ' KEC-0007', ' DES-0088', ' ALA-0518', 0.056436, 0.108503, 0.00612348),
('PEN-00000233', 'SUB-0041', '3504643', 'KRI-0007', ' HANAFI', ' KEC-0007', ' DES-0088', ' ALA-0518', 0.0467869, 0.25, 0.0116967),
('PEN-00000234', 'SUB-0033', '3504643', 'KRI-0006', ' HANAFI', ' KEC-0007', ' DES-0088', ' ALA-0518', 0.0511729, 0.109563, 0.00560666),
('PEN-00000235', 'SUB-0043', '3504643', 'KRI-0008', ' HANAFI', ' KEC-0007', ' DES-0088', ' ALA-0518', 0.0430275, 0.25, 0.0107569),
('PEN-00000236', 'SUB-0049', '3504643', 'KRI-0009', ' HANAFI', ' KEC-0007', ' DES-0088', ' ALA-0518', 0.039738, 0.0683231, 0.00271502),
('PEN-00000237', 'SUB-0058', '3504643', 'KRI-0010', ' HANAFI', ' KEC-0007', ' DES-0088', ' ALA-0518', 0.036814, 0.111111, 0.00409044),
('PEN-00000238', 'SUB-0073', '3504643', 'KRI-0014', ' HANAFI', ' KEC-0007', ' DES-0088', ' ALA-0518', 0.0275728, 0.611111, 0.01685),
('PEN-00000239', 'SUB-0076', '3504643', 'KRI-0015', ' HANAFI', ' KEC-0007', ' DES-0088', ' ALA-0518', 0.0256932, 0.408333, 0.0104914),
('PEN-00000240', 'SUB-0089', '3504643', 'KRI-0016', ' HANAFI', ' KEC-0007', ' DES-0088', ' ALA-0518', 0.0239388, 0.0262346, 0.000628025),
('PEN-00000241', 'SUB-0059', '3504643', 'KRI-0011', ' HANAFI', ' KEC-0007', ' DES-0088', ' ALA-0518', 0.0341825, 0.520833, 0.0178034),
('PEN-00000242', 'SUB-0065', '3504643', 'KRI-0012', ' HANAFI', ' KEC-0007', ' DES-0088', ' ALA-0518', 0.0317901, 0.145833, 0.00463605),
('PEN-00000243', 'SUB-0069', '3504643', 'KRI-0013', ' HANAFI', ' KEC-0007', ' DES-0088', ' ALA-0518', 0.0295971, 0.158333, 0.0046862),
('PEN-00000244', 'SUB-0092', '3504643', 'KRI-0017', ' HANAFI', ' KEC-0007', ' DES-0088', ' ALA-0518', 0.022294, 0.25, 0.0055735),
('PEN-00000245', 'SUB-0112', '3504643', 'KRI-0027', ' HANAFI', ' KEC-0007', ' DES-0088', ' ALA-0518', 0.00982848, 0.25, 0.00245712),
('PEN-00000246', 'SUB-0114', '3504643', 'KRI-0028', ' HANAFI', ' KEC-0007', ' DES-0088', ' ALA-0518', 0.00885382, 0.25, 0.00221346),
('PEN-00000247', 'SUB-0116', '3504643', 'KRI-0029', ' HANAFI', ' KEC-0007', ' DES-0088', ' ALA-0518', 0.00791397, 0.25, 0.00197849),
('PEN-00000248', 'SUB-0094', '3504643', 'KRI-0018', ' HANAFI', ' KEC-0007', ' DES-0088', ' ALA-0518', 0.020746, 0.25, 0.0051865),
('PEN-00000249', 'SUB-0117', '3504643', 'KRI-0030', ' HANAFI', ' KEC-0007', ' DES-0088', ' ALA-0518', 0.00700653, 0.75, 0.0052549),
('PEN-00000250', 'SUB-0120', '3504643', 'KRI-0031', ' HANAFI', ' KEC-0007', ' DES-0088', ' ALA-0518', 0.00612934, 0.25, 0.00153233),
('PEN-00000251', 'SUB-0096', '3504643', 'KRI-0019', ' HANAFI', ' KEC-0007', ' DES-0088', ' ALA-0518', 0.0192841, 0.25, 0.00482102),
('PEN-00000252', 'SUB-0098', '3504643', 'KRI-0020', ' HANAFI', ' KEC-0007', ' DES-0088', ' ALA-0518', 0.017899, 0.25, 0.00447475),
('PEN-00000253', 'SUB-0100', '3504643', 'KRI-0021', ' HANAFI', ' KEC-0007', ' DES-0088', ' ALA-0518', 0.0165832, 0.25, 0.0041458),
('PEN-00000254', 'SUB-0102', '3504643', 'KRI-0022', ' HANAFI', ' KEC-0007', ' DES-0088', ' ALA-0518', 0.0153301, 0.25, 0.00383253),
('PEN-00000255', 'SUB-0104', '3504643', 'KRI-0023', ' HANAFI', ' KEC-0007', ' DES-0088', ' ALA-0518', 0.0141339, 0.25, 0.00353348),
('PEN-00000256', 'SUB-0106', '3504643', 'KRI-0024', ' HANAFI', ' KEC-0007', ' DES-0088', ' ALA-0518', 0.0129898, 0.25, 0.00324745),
('PEN-00000257', 'SUB-0108', '3504643', 'KRI-0025', ' HANAFI', ' KEC-0007', ' DES-0088', ' ALA-0518', 0.0118933, 0.25, 0.00297333),
('PEN-00000258', 'SUB-0110', '3504643', 'KRI-0026', ' HANAFI', ' KEC-0007', ' DES-0088', ' ALA-0518', 0.0108406, 0.25, 0.00271015),
('PEN-00000259', 'SUB-0121', '3504643', 'KRI-0032', ' HANAFI', ' KEC-0007', ' DES-0088', ' ALA-0518', 0.00528044, 0.75, 0.00396033),
('PEN-00000260', 'SUB-0124', '3504643', 'KRI-0033', ' HANAFI', ' KEC-0007', ' DES-0088', ' ALA-0518', 0.00445807, 0.25, 0.00111452),
('PEN-00000261', 'SUB-0125', '3504643', 'KRI-0034', ' HANAFI', ' KEC-0007', ' DES-0088', ' ALA-0518', 0.00366063, 0.75, 0.00274547),
('PEN-00000262', 'SUB-0127', '3504643', 'KRI-0035', ' HANAFI', ' KEC-0007', ' DES-0088', ' ALA-0518', 0.00288663, 0.75, 0.00216497),
('PEN-00000263', 'SUB-0130', '3504643', 'KRI-0036', ' HANAFI', ' KEC-0007', ' DES-0088', ' ALA-0518', 0.00213475, 0.25, 0.000533687),
('PEN-00000264', 'SUB-0131', '3504643', 'KRI-0037', ' HANAFI', ' KEC-0007', ' DES-0088', ' ALA-0518', 0.00140376, 0.75, 0.00105282),
('PEN-00000265', 'SUB-0134', '3504643', 'KRI-0038', ' HANAFI', ' KEC-0007', ' DES-0088', ' ALA-0518', 0.000692521, 0.25, 0.00017313),
('PEN-00000266', 'SUB-0001', '3504643', 'KRI-0001', ' HANAFI', ' KEC-0007', ' DES-0088', ' ALA-0518', 0.111261, 0.611111, 0.0679928),
('PEN-00000267', 'SUB-0004', '3467637', 'KRI-0002', ' MOH TOHIR', ' KEC-0008', ' DES-0108', ' ALA-0609', 0.0849448, 0.456667, 0.0387915),
('PEN-00000268', 'SUB-0009', '3467637', 'KRI-0003', ' MOH TOHIR', ' KEC-0008', ' DES-0108', ' ALA-0609', 0.0717869, 0.520833, 0.037389),
('PEN-00000269', 'SUB-0021', '3467637', 'KRI-0004', ' MOH TOHIR', ' KEC-0008', ' DES-0108', ' ALA-0609', 0.063015, 0.0211111, 0.00133032),
('PEN-00000270', 'SUB-0026', '3467637', 'KRI-0005', ' MOH TOHIR', ' KEC-0008', ' DES-0108', ' ALA-0609', 0.056436, 0.108503, 0.00612348),
('PEN-00000271', 'SUB-0041', '3467637', 'KRI-0007', ' MOH TOHIR', ' KEC-0008', ' DES-0108', ' ALA-0609', 0.0467869, 0.25, 0.0116967),
('PEN-00000272', 'SUB-0033', '3467637', 'KRI-0006', ' MOH TOHIR', ' KEC-0008', ' DES-0108', ' ALA-0609', 0.0511729, 0.109563, 0.00560666),
('PEN-00000273', 'SUB-0043', '3467637', 'KRI-0008', ' MOH TOHIR', ' KEC-0008', ' DES-0108', ' ALA-0609', 0.0430275, 0.25, 0.0107569),
('PEN-00000274', 'SUB-0049', '3467637', 'KRI-0009', ' MOH TOHIR', ' KEC-0008', ' DES-0108', ' ALA-0609', 0.039738, 0.0683231, 0.00271502),
('PEN-00000275', 'SUB-0058', '3467637', 'KRI-0010', ' MOH TOHIR', ' KEC-0008', ' DES-0108', ' ALA-0609', 0.036814, 0.111111, 0.00409044),
('PEN-00000276', 'SUB-0073', '3467637', 'KRI-0014', ' MOH TOHIR', ' KEC-0008', ' DES-0108', ' ALA-0609', 0.0275728, 0.611111, 0.01685),
('PEN-00000277', 'SUB-0076', '3467637', 'KRI-0015', ' MOH TOHIR', ' KEC-0008', ' DES-0108', ' ALA-0609', 0.0256932, 0.408333, 0.0104914),
('PEN-00000278', 'SUB-0089', '3467637', 'KRI-0016', ' MOH TOHIR', ' KEC-0008', ' DES-0108', ' ALA-0609', 0.0239388, 0.0262346, 0.000628025),
('PEN-00000279', 'SUB-0059', '3467637', 'KRI-0011', ' MOH TOHIR', ' KEC-0008', ' DES-0108', ' ALA-0609', 0.0341825, 0.520833, 0.0178034),
('PEN-00000280', 'SUB-0065', '3467637', 'KRI-0012', ' MOH TOHIR', ' KEC-0008', ' DES-0108', ' ALA-0609', 0.0317901, 0.145833, 0.00463605),
('PEN-00000281', 'SUB-0069', '3467637', 'KRI-0013', ' MOH TOHIR', ' KEC-0008', ' DES-0108', ' ALA-0609', 0.0295971, 0.158333, 0.0046862),
('PEN-00000282', 'SUB-0092', '3467637', 'KRI-0017', ' MOH TOHIR', ' KEC-0008', ' DES-0108', ' ALA-0609', 0.022294, 0.25, 0.0055735),
('PEN-00000283', 'SUB-0112', '3467637', 'KRI-0027', ' MOH TOHIR', ' KEC-0008', ' DES-0108', ' ALA-0609', 0.00982848, 0.25, 0.00245712),
('PEN-00000284', 'SUB-0114', '3467637', 'KRI-0028', ' MOH TOHIR', ' KEC-0008', ' DES-0108', ' ALA-0609', 0.00885382, 0.25, 0.00221346),
('PEN-00000285', 'SUB-0116', '3467637', 'KRI-0029', ' MOH TOHIR', ' KEC-0008', ' DES-0108', ' ALA-0609', 0.00791397, 0.25, 0.00197849),
('PEN-00000286', 'SUB-0094', '3467637', 'KRI-0018', ' MOH TOHIR', ' KEC-0008', ' DES-0108', ' ALA-0609', 0.020746, 0.25, 0.0051865),
('PEN-00000287', 'SUB-0117', '3467637', 'KRI-0030', ' MOH TOHIR', ' KEC-0008', ' DES-0108', ' ALA-0609', 0.00700653, 0.75, 0.0052549),
('PEN-00000288', 'SUB-0120', '3467637', 'KRI-0031', ' MOH TOHIR', ' KEC-0008', ' DES-0108', ' ALA-0609', 0.00612934, 0.25, 0.00153233),
('PEN-00000289', 'SUB-0096', '3467637', 'KRI-0019', ' MOH TOHIR', ' KEC-0008', ' DES-0108', ' ALA-0609', 0.0192841, 0.25, 0.00482102),
('PEN-00000290', 'SUB-0097', '3467637', 'KRI-0020', ' MOH TOHIR', ' KEC-0008', ' DES-0108', ' ALA-0609', 0.017899, 0.75, 0.0134243),
('PEN-00000291', 'SUB-0098', '3467637', 'KRI-0021', ' MOH TOHIR', ' KEC-0008', ' DES-0108', ' ALA-0609', 0.0165832, 0.25, 0.0041458),
('PEN-00000292', 'SUB-0102', '3467637', 'KRI-0022', ' MOH TOHIR', ' KEC-0008', ' DES-0108', ' ALA-0609', 0.0153301, 0.25, 0.00383253),
('PEN-00000293', 'SUB-0104', '3467637', 'KRI-0023', ' MOH TOHIR', ' KEC-0008', ' DES-0108', ' ALA-0609', 0.0141339, 0.25, 0.00353348),
('PEN-00000294', 'SUB-0106', '3467637', 'KRI-0024', ' MOH TOHIR', ' KEC-0008', ' DES-0108', ' ALA-0609', 0.0129898, 0.25, 0.00324745),
('PEN-00000295', 'SUB-0108', '3467637', 'KRI-0025', ' MOH TOHIR', ' KEC-0008', ' DES-0108', ' ALA-0609', 0.0118933, 0.25, 0.00297333),
('PEN-00000296', 'SUB-0110', '3467637', 'KRI-0026', ' MOH TOHIR', ' KEC-0008', ' DES-0108', ' ALA-0609', 0.0108406, 0.25, 0.00271015),
('PEN-00000297', 'SUB-0121', '3467637', 'KRI-0032', ' MOH TOHIR', ' KEC-0008', ' DES-0108', ' ALA-0609', 0.00528044, 0.75, 0.00396033),
('PEN-00000298', 'SUB-0124', '3467637', 'KRI-0033', ' MOH TOHIR', ' KEC-0008', ' DES-0108', ' ALA-0609', 0.00445807, 0.25, 0.00111452),
('PEN-00000299', 'SUB-0126', '3467637', 'KRI-0034', ' MOH TOHIR', ' KEC-0008', ' DES-0108', ' ALA-0609', 0.00366063, 0.25, 0.000915157),
('PEN-00000300', 'SUB-0127', '3467637', 'KRI-0035', ' MOH TOHIR', ' KEC-0008', ' DES-0108', ' ALA-0609', 0.00288663, 0.75, 0.00216497),
('PEN-00000301', 'SUB-0130', '3467637', 'KRI-0036', ' MOH TOHIR', ' KEC-0008', ' DES-0108', ' ALA-0609', 0.00213475, 0.25, 0.000533687),
('PEN-00000302', 'SUB-0131', '3467637', 'KRI-0037', ' MOH TOHIR', ' KEC-0008', ' DES-0108', ' ALA-0609', 0.00140376, 0.75, 0.00105282),
('PEN-00000303', 'SUB-0134', '3467637', 'KRI-0038', ' MOH TOHIR', ' KEC-0008', ' DES-0108', ' ALA-0609', 0.000692521, 0.25, 0.00017313),
('PEN-00000304', 'SUB-0001', '3467637', 'KRI-0001', ' MOH TOHIR', ' KEC-0008', ' DES-0108', ' ALA-0609', 0.111261, 0.611111, 0.0679928),
('PEN-00000305', 'SUB-0004', '3550479', 'KRI-0002', ' MASLUKI', ' KEC-0009', ' DES-0114', ' ALA-0650', 0.0849448, 0.456667, 0.0387915),
('PEN-00000306', 'SUB-0009', '3550479', 'KRI-0003', ' MASLUKI', ' KEC-0009', ' DES-0114', ' ALA-0650', 0.0717869, 0.520833, 0.037389),
('PEN-00000307', 'SUB-0021', '3550479', 'KRI-0004', ' MASLUKI', ' KEC-0009', ' DES-0114', ' ALA-0650', 0.063015, 0.0211111, 0.00133032),
('PEN-00000308', 'SUB-0026', '3550479', 'KRI-0005', ' MASLUKI', ' KEC-0009', ' DES-0114', ' ALA-0650', 0.056436, 0.108503, 0.00612348),
('PEN-00000309', 'SUB-0041', '3550479', 'KRI-0007', ' MASLUKI', ' KEC-0009', ' DES-0114', ' ALA-0650', 0.0467869, 0.25, 0.0116967),
('PEN-00000310', 'SUB-0033', '3550479', 'KRI-0006', ' MASLUKI', ' KEC-0009', ' DES-0114', ' ALA-0650', 0.0511729, 0.109563, 0.00560666),
('PEN-00000311', 'SUB-0043', '3550479', 'KRI-0008', ' MASLUKI', ' KEC-0009', ' DES-0114', ' ALA-0650', 0.0430275, 0.25, 0.0107569),
('PEN-00000312', 'SUB-0050', '3550479', 'KRI-0009', ' MASLUKI', ' KEC-0009', ' DES-0114', ' ALA-0650', 0.039738, 0.0544342, 0.00216311),
('PEN-00000313', 'SUB-0058', '3550479', 'KRI-0010', ' MASLUKI', ' KEC-0009', ' DES-0114', ' ALA-0650', 0.036814, 0.111111, 0.00409044),
('PEN-00000314', 'SUB-0073', '3550479', 'KRI-0014', ' MASLUKI', ' KEC-0009', ' DES-0114', ' ALA-0650', 0.0275728, 0.611111, 0.01685),
('PEN-00000315', 'SUB-0081', '3550479', 'KRI-0015', ' MASLUKI', ' KEC-0009', ' DES-0114', ' ALA-0650', 0.0256932, 0.0277778, 0.000713701),
('PEN-00000316', 'SUB-0089', '3550479', 'KRI-0016', ' MASLUKI', ' KEC-0009', ' DES-0114', ' ALA-0650', 0.0239388, 0.0262346, 0.000628025),
('PEN-00000317', 'SUB-0062', '3550479', 'KRI-0011', ' MASLUKI', ' KEC-0009', ' DES-0114', ' ALA-0650', 0.0341825, 0.0625, 0.00213641),
('PEN-00000318', 'SUB-0066', '3550479', 'KRI-0012', ' MASLUKI', ' KEC-0009', ' DES-0114', ' ALA-0650', 0.0317901, 0.0625, 0.00198688),
('PEN-00000319', 'SUB-0071', '3550479', 'KRI-0013', ' MASLUKI', ' KEC-0009', ' DES-0114', ' ALA-0650', 0.0295971, 0.0611111, 0.00180871),
('PEN-00000320', 'SUB-0092', '3550479', 'KRI-0017', ' MASLUKI', ' KEC-0009', ' DES-0114', ' ALA-0650', 0.022294, 0.25, 0.0055735),
('PEN-00000321', 'SUB-0112', '3550479', 'KRI-0027', ' MASLUKI', ' KEC-0009', ' DES-0114', ' ALA-0650', 0.00982848, 0.25, 0.00245712),
('PEN-00000322', 'SUB-0114', '3550479', 'KRI-0028', ' MASLUKI', ' KEC-0009', ' DES-0114', ' ALA-0650', 0.00885382, 0.25, 0.00221346),
('PEN-00000323', 'SUB-0116', '3550479', 'KRI-0029', ' MASLUKI', ' KEC-0009', ' DES-0114', ' ALA-0650', 0.00791397, 0.25, 0.00197849),
('PEN-00000324', 'SUB-0094', '3550479', 'KRI-0018', ' MASLUKI', ' KEC-0009', ' DES-0114', ' ALA-0650', 0.020746, 0.25, 0.0051865),
('PEN-00000325', 'SUB-0118', '3550479', 'KRI-0030', ' MASLUKI', ' KEC-0009', ' DES-0114', ' ALA-0650', 0.00700653, 0.25, 0.00175163),
('PEN-00000326', 'SUB-0120', '3550479', 'KRI-0031', ' MASLUKI', ' KEC-0009', ' DES-0114', ' ALA-0650', 0.00612934, 0.25, 0.00153233),
('PEN-00000327', 'SUB-0096', '3550479', 'KRI-0019', ' MASLUKI', ' KEC-0009', ' DES-0114', ' ALA-0650', 0.0192841, 0.25, 0.00482102),
('PEN-00000328', 'SUB-0098', '3550479', 'KRI-0020', ' MASLUKI', ' KEC-0009', ' DES-0114', ' ALA-0650', 0.017899, 0.25, 0.00447475),
('PEN-00000329', 'SUB-0100', '3550479', 'KRI-0021', ' MASLUKI', ' KEC-0009', ' DES-0114', ' ALA-0650', 0.0165832, 0.25, 0.0041458),
('PEN-00000330', 'SUB-0102', '3550479', 'KRI-0022', ' MASLUKI', ' KEC-0009', ' DES-0114', ' ALA-0650', 0.0153301, 0.25, 0.00383253),
('PEN-00000331', 'SUB-0104', '3550479', 'KRI-0023', ' MASLUKI', ' KEC-0009', ' DES-0114', ' ALA-0650', 0.0141339, 0.25, 0.00353348),
('PEN-00000332', 'SUB-0106', '3550479', 'KRI-0024', ' MASLUKI', ' KEC-0009', ' DES-0114', ' ALA-0650', 0.0129898, 0.25, 0.00324745),
('PEN-00000333', 'SUB-0108', '3550479', 'KRI-0025', ' MASLUKI', ' KEC-0009', ' DES-0114', ' ALA-0650', 0.0118933, 0.25, 0.00297333),
('PEN-00000334', 'SUB-0110', '3550479', 'KRI-0026', ' MASLUKI', ' KEC-0009', ' DES-0114', ' ALA-0650', 0.0108406, 0.25, 0.00271015),
('PEN-00000335', 'SUB-0121', '3550479', 'KRI-0032', ' MASLUKI', ' KEC-0009', ' DES-0114', ' ALA-0650', 0.00528044, 0.75, 0.00396033),
('PEN-00000336', 'SUB-0124', '3550479', 'KRI-0033', ' MASLUKI', ' KEC-0009', ' DES-0114', ' ALA-0650', 0.020746, 0.25, 0.0051865),
('PEN-00000337', 'SUB-0126', '3550479', 'KRI-0034', ' MASLUKI', ' KEC-0009', ' DES-0114', ' ALA-0650', 0.00366063, 0.25, 0.000915157),
('PEN-00000338', 'SUB-0127', '3550479', 'KRI-0035', ' MASLUKI', ' KEC-0009', ' DES-0114', ' ALA-0650', 0.00288663, 0.75, 0.00216497),
('PEN-00000339', 'SUB-0130', '3550479', 'KRI-0036', ' MASLUKI', ' KEC-0009', ' DES-0114', ' ALA-0650', 0.00213475, 0.25, 0.000533687),
('PEN-00000340', 'SUB-0131', '3550479', 'KRI-0037', ' MASLUKI', ' KEC-0009', ' DES-0114', ' ALA-0650', 0.00140376, 0.75, 0.00105282),
('PEN-00000341', 'SUB-0134', '3550479', 'KRI-0038', ' MASLUKI', ' KEC-0009', ' DES-0114', ' ALA-0650', 0.000692521, 0.25, 0.00017313),
('PEN-00000342', 'SUB-0002', '3550479', 'KRI-0001', ' MASLUKI', ' KEC-0009', ' DES-0114', ' ALA-0650', 0.111261, 0.277778, 0.0309059),
('PEN-00000343', 'SUB-0004', '3474003', 'KRI-0002', ' SANIN', ' KEC-0010', ' DES-0125', ' ALA-0696', 0.0849448, 0.456667, 0.0387915),
('PEN-00000344', 'SUB-0009', '3474003', 'KRI-0003', ' SANIN', ' KEC-0010', ' DES-0125', ' ALA-0696', 0.0717869, 0.520833, 0.037389),
('PEN-00000345', 'SUB-0018', '3474003', 'KRI-0004', ' SANIN', ' KEC-0010', ' DES-0125', ' ALA-0696', 0.063015, 0.0645635, 0.00406847),
('PEN-00000346', 'SUB-0023', '3474003', 'KRI-0005', ' SANIN', ' KEC-0010', ' DES-0125', ' ALA-0696', 0.056436, 0.370408, 0.0209043),
('PEN-00000347', 'SUB-0041', '3474003', 'KRI-0007', ' SANIN', ' KEC-0010', ' DES-0125', ' ALA-0696', 0.0467869, 0.25, 0.0116967),
('PEN-00000348', 'SUB-0033', '3474003', 'KRI-0006', ' SANIN', ' KEC-0010', ' DES-0125', ' ALA-0696', 0.0511729, 0.109563, 0.00560666),
('PEN-00000349', 'SUB-0043', '3474003', 'KRI-0008', ' SANIN', ' KEC-0010', ' DES-0125', ' ALA-0696', 0.0430275, 0.25, 0.0107569),
('PEN-00000350', 'SUB-0049', '3474003', 'KRI-0009', ' SANIN', ' KEC-0010', ' DES-0125', ' ALA-0696', 0.039738, 0.0683231, 0.00271502),
('PEN-00000351', 'SUB-0058', '3474003', 'KRI-0010', ' SANIN', ' KEC-0010', ' DES-0125', ' ALA-0696', 0.036814, 0.111111, 0.00409044),
('PEN-00000352', 'SUB-0073', '3474003', 'KRI-0014', ' SANIN', ' KEC-0010', ' DES-0125', ' ALA-0696', 0.0275728, 0.611111, 0.01685),
('PEN-00000353', 'SUB-0076', '3474003', 'KRI-0015', ' SANIN', ' KEC-0010', ' DES-0125', ' ALA-0696', 0.0256932, 0.408333, 0.0104914),
('PEN-00000354', 'SUB-0084', '3474003', 'KRI-0016', ' SANIN', ' KEC-0010', ' DES-0125', ' ALA-0696', 0.0239388, 0.147663, 0.00353488),
('PEN-00000355', 'SUB-0062', '3474003', 'KRI-0011', ' SANIN', ' KEC-0010', ' DES-0125', ' ALA-0696', 0.0341825, 0.0625, 0.00213641),
('PEN-00000356', 'SUB-0066', '3474003', 'KRI-0012', ' SANIN', ' KEC-0010', ' DES-0125', ' ALA-0696', 0.0317901, 0.0625, 0.00198688),
('PEN-00000357', 'SUB-0071', '3474003', 'KRI-0013', ' SANIN', ' KEC-0010', ' DES-0125', ' ALA-0696', 0.0295971, 0.0611111, 0.00180871),
('PEN-00000358', 'SUB-0092', '3474003', 'KRI-0017', ' SANIN', ' KEC-0010', ' DES-0125', ' ALA-0696', 0.022294, 0.25, 0.0055735),
('PEN-00000359', 'SUB-0112', '3474003', 'KRI-0027', ' SANIN', ' KEC-0010', ' DES-0125', ' ALA-0696', 0.00982848, 0.25, 0.00245712),
('PEN-00000360', 'SUB-0114', '3474003', 'KRI-0028', ' SANIN', ' KEC-0010', ' DES-0125', ' ALA-0696', 0.00885382, 0.25, 0.00221346),
('PEN-00000361', 'SUB-0116', '3474003', 'KRI-0029', ' SANIN', ' KEC-0010', ' DES-0125', ' ALA-0696', 0.00791397, 0.25, 0.00197849),
('PEN-00000362', 'SUB-0094', '3474003', 'KRI-0018', ' SANIN', ' KEC-0010', ' DES-0125', ' ALA-0696', 0.020746, 0.25, 0.0051865),
('PEN-00000363', 'SUB-0117', '3474003', 'KRI-0030', ' SANIN', ' KEC-0010', ' DES-0125', ' ALA-0696', 0.00700653, 0.75, 0.0052549),
('PEN-00000364', 'SUB-0120', '3474003', 'KRI-0031', ' SANIN', ' KEC-0010', ' DES-0125', ' ALA-0696', 0.00612934, 0.25, 0.00153233),
('PEN-00000365', 'SUB-0096', '3474003', 'KRI-0019', ' SANIN', ' KEC-0010', ' DES-0125', ' ALA-0696', 0.0192841, 0.25, 0.00482102),
('PEN-00000366', 'SUB-0097', '3474003', 'KRI-0020', ' SANIN', ' KEC-0010', ' DES-0125', ' ALA-0696', 0.017899, 0.75, 0.0134243),
('PEN-00000367', 'SUB-0099', '3474003', 'KRI-0021', ' SANIN', ' KEC-0010', ' DES-0125', ' ALA-0696', 0.0165832, 0.75, 0.0124374),
('PEN-00000368', 'SUB-0102', '3474003', 'KRI-0022', ' SANIN', ' KEC-0010', ' DES-0125', ' ALA-0696', 0.0153301, 0.25, 0.00383253),
('PEN-00000369', 'SUB-0104', '3474003', 'KRI-0023', ' SANIN', ' KEC-0010', ' DES-0125', ' ALA-0696', 0.0141339, 0.25, 0.00353348),
('PEN-00000370', 'SUB-0106', '3474003', 'KRI-0024', ' SANIN', ' KEC-0010', ' DES-0125', ' ALA-0696', 0.0129898, 0.25, 0.00324745),
('PEN-00000371', 'SUB-0108', '3474003', 'KRI-0025', ' SANIN', ' KEC-0010', ' DES-0125', ' ALA-0696', 0.0118933, 0.25, 0.00297333),
('PEN-00000372', 'SUB-0110', '3474003', 'KRI-0026', ' SANIN', ' KEC-0010', ' DES-0125', ' ALA-0696', 0.0108406, 0.25, 0.00271015),
('PEN-00000373', 'SUB-0121', '3474003', 'KRI-0032', ' SANIN', ' KEC-0010', ' DES-0125', ' ALA-0696', 0.00528044, 0.75, 0.00396033),
('PEN-00000374', 'SUB-0124', '3474003', 'KRI-0033', ' SANIN', ' KEC-0010', ' DES-0125', ' ALA-0696', 0.00445807, 0.25, 0.00111452),
('PEN-00000375', 'SUB-0125', '3474003', 'KRI-0034', ' SANIN', ' KEC-0010', ' DES-0125', ' ALA-0696', 0.00366063, 0.75, 0.00274547),
('PEN-00000376', 'SUB-0127', '3474003', 'KRI-0035', ' SANIN', ' KEC-0010', ' DES-0125', ' ALA-0696', 0.00288663, 0.75, 0.00216497),
('PEN-00000377', 'SUB-0130', '3474003', 'KRI-0036', ' SANIN', ' KEC-0010', ' DES-0125', ' ALA-0696', 0.00213475, 0.25, 0.000533687);
INSERT INTO `penilaian` (`ID_PENILAIAN`, `ID_SUBKRITERIA`, `ID_KELUARGA`, `ID_KRITERIA`, `KEPALA_KELUARGA`, `KECAMATAN`, `DESA`, `DUSUN`, `BOBOT_KRI`, `BOBOT_SUB`, `JUMLAH`) VALUES
('PEN-00000378', 'SUB-0131', '3474003', 'KRI-0037', ' SANIN', ' KEC-0010', ' DES-0125', ' ALA-0696', 0.00140376, 0.75, 0.00105282),
('PEN-00000379', 'SUB-0134', '3474003', 'KRI-0038', ' SANIN', ' KEC-0010', ' DES-0125', ' ALA-0696', 0.000692521, 0.25, 0.00017313),
('PEN-00000380', 'SUB-0003', '3474003', 'KRI-0001', ' SANIN', ' KEC-0010', ' DES-0125', ' ALA-0696', 0.111261, 0.111111, 0.0123623),
('PEN-00000381', 'SUB-0004', '3588210', 'KRI-0002', ' DUS SALAM', ' KEC-0011', ' DES-0141', ' ALA-0777', 0.0849448, 0.456667, 0.0387915),
('PEN-00000382', 'SUB-0009', '3588210', 'KRI-0003', ' DUS SALAM', ' KEC-0011', ' DES-0141', ' ALA-0777', 0.0717869, 0.520833, 0.037389),
('PEN-00000383', 'SUB-0014', '3588210', 'KRI-0004', ' DUS SALAM', ' KEC-0011', ' DES-0141', ' ALA-0777', 0.063015, 0.192897, 0.0121554),
('PEN-00000384', 'SUB-0023', '3588210', 'KRI-0005', ' DUS SALAM', ' KEC-0011', ' DES-0141', ' ALA-0777', 0.056436, 0.370408, 0.0209043),
('PEN-00000385', 'SUB-0040', '3588210', 'KRI-0007', ' DUS SALAM', ' KEC-0011', ' DES-0141', ' ALA-0777', 0.0467869, 0.75, 0.0350902),
('PEN-00000386', 'SUB-0033', '3588210', 'KRI-0006', ' DUS SALAM', ' KEC-0011', ' DES-0141', ' ALA-0777', 0.0511729, 0.109563, 0.00560666),
('PEN-00000387', 'SUB-0043', '3588210', 'KRI-0008', ' DUS SALAM', ' KEC-0011', ' DES-0141', ' ALA-0777', 0.0430275, 0.25, 0.0107569),
('PEN-00000388', 'SUB-0049', '3588210', 'KRI-0009', ' DUS SALAM', ' KEC-0011', ' DES-0141', ' ALA-0777', 0.039738, 0.0683231, 0.00271502),
('PEN-00000389', 'SUB-0058', '3588210', 'KRI-0010', ' DUS SALAM', ' KEC-0011', ' DES-0141', ' ALA-0777', 0.036814, 0.111111, 0.00409044),
('PEN-00000390', 'SUB-0073', '3588210', 'KRI-0014', ' DUS SALAM', ' KEC-0011', ' DES-0141', ' ALA-0777', 0.0275728, 0.611111, 0.01685),
('PEN-00000391', 'SUB-0077', '3588210', 'KRI-0015', ' DUS SALAM', ' KEC-0011', ' DES-0141', ' ALA-0777', 0.0256932, 0.241667, 0.0062092),
('PEN-00000392', 'SUB-0087', '3588210', 'KRI-0016', ' DUS SALAM', ' KEC-0011', ' DES-0141', ' ALA-0777', 0.0239388, 0.0606261, 0.00145132),
('PEN-00000393', 'SUB-0061', '3588210', 'KRI-0011', ' DUS SALAM', ' KEC-0011', ' DES-0141', ' ALA-0777', 0.0341825, 0.145833, 0.00498494),
('PEN-00000394', 'SUB-0066', '3588210', 'KRI-0012', ' DUS SALAM', ' KEC-0011', ' DES-0141', ' ALA-0777', 0.0317901, 0.0625, 0.00198688),
('PEN-00000395', 'SUB-0070', '3588210', 'KRI-0013', ' DUS SALAM', ' KEC-0011', ' DES-0141', ' ALA-0777', 0.0295971, 0.102778, 0.00304193),
('PEN-00000396', 'SUB-0092', '3588210', 'KRI-0017', ' DUS SALAM', ' KEC-0011', ' DES-0141', ' ALA-0777', 0.022294, 0.25, 0.0055735),
('PEN-00000397', 'SUB-0112', '3588210', 'KRI-0027', ' DUS SALAM', ' KEC-0011', ' DES-0141', ' ALA-0777', 0.00982848, 0.25, 0.00245712),
('PEN-00000398', 'SUB-0114', '3588210', 'KRI-0028', ' DUS SALAM', ' KEC-0011', ' DES-0141', ' ALA-0777', 0.00885382, 0.25, 0.00221346),
('PEN-00000399', 'SUB-0116', '3588210', 'KRI-0029', ' DUS SALAM', ' KEC-0011', ' DES-0141', ' ALA-0777', 0.00791397, 0.25, 0.00197849),
('PEN-00000400', 'SUB-0094', '3588210', 'KRI-0018', ' DUS SALAM', ' KEC-0011', ' DES-0141', ' ALA-0777', 0.020746, 0.25, 0.0051865),
('PEN-00000401', 'SUB-0117', '3588210', 'KRI-0030', ' DUS SALAM', ' KEC-0011', ' DES-0141', ' ALA-0777', 0.00700653, 0.75, 0.0052549),
('PEN-00000402', 'SUB-0120', '3588210', 'KRI-0031', ' DUS SALAM', ' KEC-0011', ' DES-0141', ' ALA-0777', 0.00612934, 0.25, 0.00153233),
('PEN-00000403', 'SUB-0096', '3588210', 'KRI-0019', ' DUS SALAM', ' KEC-0011', ' DES-0141', ' ALA-0777', 0.0192841, 0.25, 0.00482102),
('PEN-00000404', 'SUB-0098', '3588210', 'KRI-0020', ' DUS SALAM', ' KEC-0011', ' DES-0141', ' ALA-0777', 0.017899, 0.25, 0.00447475),
('PEN-00000405', 'SUB-0099', '3588210', 'KRI-0021', ' DUS SALAM', ' KEC-0011', ' DES-0141', ' ALA-0777', 0.0165832, 0.75, 0.0124374),
('PEN-00000406', 'SUB-0102', '3588210', 'KRI-0022', ' DUS SALAM', ' KEC-0011', ' DES-0141', ' ALA-0777', 0.0153301, 0.25, 0.00383253),
('PEN-00000407', 'SUB-0104', '3588210', 'KRI-0023', ' DUS SALAM', ' KEC-0011', ' DES-0141', ' ALA-0777', 0.0141339, 0.25, 0.00353348),
('PEN-00000408', 'SUB-0106', '3588210', 'KRI-0024', ' DUS SALAM', ' KEC-0011', ' DES-0141', ' ALA-0777', 0.0129898, 0.25, 0.00324745),
('PEN-00000409', 'SUB-0108', '3588210', 'KRI-0025', ' DUS SALAM', ' KEC-0011', ' DES-0141', ' ALA-0777', 0.0118933, 0.25, 0.00297333),
('PEN-00000410', 'SUB-0110', '3588210', 'KRI-0026', ' DUS SALAM', ' KEC-0011', ' DES-0141', ' ALA-0777', 0.0108406, 0.25, 0.00271015),
('PEN-00000411', 'SUB-0121', '3588210', 'KRI-0032', ' DUS SALAM', ' KEC-0011', ' DES-0141', ' ALA-0777', 0.00528044, 0.75, 0.00396033),
('PEN-00000412', 'SUB-0124', '3588210', 'KRI-0033', ' DUS SALAM', ' KEC-0011', ' DES-0141', ' ALA-0777', 0.00445807, 0.25, 0.00111452),
('PEN-00000413', 'SUB-0125', '3588210', 'KRI-0034', ' DUS SALAM', ' KEC-0011', ' DES-0141', ' ALA-0777', 0.00366063, 0.75, 0.00274547),
('PEN-00000414', 'SUB-0127', '3588210', 'KRI-0035', ' DUS SALAM', ' KEC-0011', ' DES-0141', ' ALA-0777', 0.00288663, 0.75, 0.00216497),
('PEN-00000415', 'SUB-0130', '3588210', 'KRI-0036', ' DUS SALAM', ' KEC-0011', ' DES-0141', ' ALA-0777', 0.00213475, 0.25, 0.000533687),
('PEN-00000416', 'SUB-0131', '3588210', 'KRI-0037', ' DUS SALAM', ' KEC-0011', ' DES-0141', ' ALA-0777', 0.00140376, 0.75, 0.00105282),
('PEN-00000417', 'SUB-0134', '3588210', 'KRI-0038', ' DUS SALAM', ' KEC-0011', ' DES-0141', ' ALA-0777', 0.000692521, 0.25, 0.00017313),
('PEN-00000418', 'SUB-0001', '3588210', 'KRI-0001', ' DUS SALAM', ' KEC-0011', ' DES-0141', ' ALA-0777', 0.111261, 0.611111, 0.0679928),
('PEN-00000419', 'SUB-0004', '3460569', 'KRI-0002', ' FATIMA', ' KEC-0012', ' DES-0153', ' ALA-0853', 0.0849448, 0.456667, 0.0387915),
('PEN-00000420', 'SUB-0009', '3460569', 'KRI-0003', ' FATIMA', ' KEC-0012', ' DES-0153', ' ALA-0853', 0.0717869, 0.520833, 0.037389),
('PEN-00000421', 'SUB-0019', '3460569', 'KRI-0004', ' FATIMA', ' KEC-0012', ' DES-0153', ' ALA-0853', 0.063015, 0.0478968, 0.00301822),
('PEN-00000422', 'SUB-0026', '3460569', 'KRI-0005', ' FATIMA', ' KEC-0012', ' DES-0153', ' ALA-0853', 0.056436, 0.108503, 0.00612348),
('PEN-00000423', 'SUB-0041', '3460569', 'KRI-0007', ' FATIMA', ' KEC-0012', ' DES-0153', ' ALA-0853', 0.0467869, 0.25, 0.0116967),
('PEN-00000424', 'SUB-0033', '3460569', 'KRI-0006', ' FATIMA', ' KEC-0012', ' DES-0153', ' ALA-0853', 0.0511729, 0.109563, 0.00560666),
('PEN-00000425', 'SUB-0043', '3460569', 'KRI-0008', ' FATIMA', ' KEC-0012', ' DES-0153', ' ALA-0853', 0.0430275, 0.25, 0.0107569),
('PEN-00000426', 'SUB-0049', '3460569', 'KRI-0009', ' FATIMA', ' KEC-0012', ' DES-0153', ' ALA-0853', 0.039738, 0.0683231, 0.00271502),
('PEN-00000427', 'SUB-0058', '3460569', 'KRI-0010', ' FATIMA', ' KEC-0012', ' DES-0153', ' ALA-0853', 0.036814, 0.111111, 0.00409044),
('PEN-00000428', 'SUB-0073', '3460569', 'KRI-0014', ' FATIMA', ' KEC-0012', ' DES-0153', ' ALA-0853', 0.0275728, 0.611111, 0.01685),
('PEN-00000429', 'SUB-0081', '3460569', 'KRI-0015', ' FATIMA', ' KEC-0012', ' DES-0153', ' ALA-0853', 0.0256932, 0.0277778, 0.000713701),
('PEN-00000430', 'SUB-0089', '3460569', 'KRI-0016', ' FATIMA', ' KEC-0012', ' DES-0153', ' ALA-0853', 0.0239388, 0.0262346, 0.000628025),
('PEN-00000431', 'SUB-0059', '3460569', 'KRI-0011', ' FATIMA', ' KEC-0012', ' DES-0153', ' ALA-0853', 0.0341825, 0.520833, 0.0178034),
('PEN-00000432', 'SUB-0065', '3460569', 'KRI-0012', ' FATIMA', ' KEC-0012', ' DES-0153', ' ALA-0853', 0.0317901, 0.145833, 0.00463605),
('PEN-00000433', 'SUB-0069', '3460569', 'KRI-0013', ' FATIMA', ' KEC-0012', ' DES-0153', ' ALA-0853', 0.0295971, 0.158333, 0.0046862),
('PEN-00000434', 'SUB-0092', '3460569', 'KRI-0017', ' FATIMA', ' KEC-0012', ' DES-0153', ' ALA-0853', 0.022294, 0.25, 0.0055735),
('PEN-00000435', 'SUB-0112', '3460569', 'KRI-0027', ' FATIMA', ' KEC-0012', ' DES-0153', ' ALA-0853', 0.00982848, 0.25, 0.00245712),
('PEN-00000436', 'SUB-0114', '3460569', 'KRI-0028', ' FATIMA', ' KEC-0012', ' DES-0153', ' ALA-0853', 0.00885382, 0.25, 0.00221346),
('PEN-00000437', 'SUB-0116', '3460569', 'KRI-0029', ' FATIMA', ' KEC-0012', ' DES-0153', ' ALA-0853', 0.00791397, 0.25, 0.00197849),
('PEN-00000438', 'SUB-0094', '3460569', 'KRI-0018', ' FATIMA', ' KEC-0012', ' DES-0153', ' ALA-0853', 0.020746, 0.25, 0.0051865),
('PEN-00000439', 'SUB-0118', '3460569', 'KRI-0030', ' FATIMA', ' KEC-0012', ' DES-0153', ' ALA-0853', 0.00700653, 0.25, 0.00175163),
('PEN-00000440', 'SUB-0120', '3460569', 'KRI-0031', ' FATIMA', ' KEC-0012', ' DES-0153', ' ALA-0853', 0.00612934, 0.25, 0.00153233),
('PEN-00000441', 'SUB-0096', '3460569', 'KRI-0019', ' FATIMA', ' KEC-0012', ' DES-0153', ' ALA-0853', 0.0192841, 0.25, 0.00482102),
('PEN-00000442', 'SUB-0098', '3460569', 'KRI-0020', ' FATIMA', ' KEC-0012', ' DES-0153', ' ALA-0853', 0.017899, 0.25, 0.00447475),
('PEN-00000443', 'SUB-0100', '3460569', 'KRI-0021', ' FATIMA', ' KEC-0012', ' DES-0153', ' ALA-0853', 0.0165832, 0.25, 0.0041458),
('PEN-00000444', 'SUB-0102', '3460569', 'KRI-0022', ' FATIMA', ' KEC-0012', ' DES-0153', ' ALA-0853', 0.0153301, 0.25, 0.00383253),
('PEN-00000445', 'SUB-0104', '3460569', 'KRI-0023', ' FATIMA', ' KEC-0012', ' DES-0153', ' ALA-0853', 0.0141339, 0.25, 0.00353348),
('PEN-00000446', 'SUB-0106', '3460569', 'KRI-0024', ' FATIMA', ' KEC-0012', ' DES-0153', ' ALA-0853', 0.0129898, 0.25, 0.00324745),
('PEN-00000447', 'SUB-0108', '3460569', 'KRI-0025', ' FATIMA', ' KEC-0012', ' DES-0153', ' ALA-0853', 0.0118933, 0.25, 0.00297333),
('PEN-00000448', 'SUB-0110', '3460569', 'KRI-0026', ' FATIMA', ' KEC-0012', ' DES-0153', ' ALA-0853', 0.0108406, 0.25, 0.00271015),
('PEN-00000449', 'SUB-0121', '3460569', 'KRI-0032', ' FATIMA', ' KEC-0012', ' DES-0153', ' ALA-0853', 0.00528044, 0.75, 0.00396033),
('PEN-00000450', 'SUB-0124', '3460569', 'KRI-0033', ' FATIMA', ' KEC-0012', ' DES-0153', ' ALA-0853', 0.00445807, 0.25, 0.00111452),
('PEN-00000451', 'SUB-0126', '3460569', 'KRI-0034', ' FATIMA', ' KEC-0012', ' DES-0153', ' ALA-0853', 0.00366063, 0.25, 0.000915157),
('PEN-00000452', 'SUB-0128', '3460569', 'KRI-0035', ' FATIMA', ' KEC-0012', ' DES-0153', ' ALA-0853', 0.00288663, 0.25, 0.000721657),
('PEN-00000453', 'SUB-0130', '3460569', 'KRI-0036', ' FATIMA', ' KEC-0012', ' DES-0153', ' ALA-0853', 0.00213475, 0.25, 0.000533687),
('PEN-00000454', 'SUB-0132', '3460569', 'KRI-0037', ' FATIMA', ' KEC-0012', ' DES-0153', ' ALA-0853', 0.00140376, 0.25, 0.00035094),
('PEN-00000455', 'SUB-0134', '3460569', 'KRI-0038', ' FATIMA', ' KEC-0012', ' DES-0153', ' ALA-0853', 0.000692521, 0.25, 0.00017313),
('PEN-00000456', 'SUB-0001', '3460569', 'KRI-0001', ' FATIMA', ' KEC-0012', ' DES-0153', ' ALA-0853', 0.111261, 0.611111, 0.0679928),
('PEN-00000457', 'SUB-0004', '3536850', 'KRI-0002', ' SAMSUDDIN', ' KEC-0013', ' DES-0165', ' ALA-0922', 0.0849448, 0.456667, 0.0387915),
('PEN-00000458', 'SUB-0009', '3536850', 'KRI-0003', ' SAMSUDDIN', ' KEC-0013', ' DES-0165', ' ALA-0922', 0.0717869, 0.520833, 0.037389),
('PEN-00000459', 'SUB-0021', '3536850', 'KRI-0004', ' SAMSUDDIN', ' KEC-0013', ' DES-0165', ' ALA-0922', 0.063015, 0.0211111, 0.00133032),
('PEN-00000460', 'SUB-0025', '3536850', 'KRI-0005', ' SAMSUDDIN', ' KEC-0013', ' DES-0165', ' ALA-0922', 0.056436, 0.156122, 0.0088109),
('PEN-00000461', 'SUB-0041', '3536850', 'KRI-0007', ' SAMSUDDIN', ' KEC-0013', ' DES-0165', ' ALA-0922', 0.0467869, 0.25, 0.0116967),
('PEN-00000462', 'SUB-0035', '3536850', 'KRI-0006', ' SAMSUDDIN', ' KEC-0013', ' DES-0165', ' ALA-0922', 0.0511729, 0.0645635, 0.0033039),
('PEN-00000463', 'SUB-0043', '3536850', 'KRI-0008', ' SAMSUDDIN', ' KEC-0013', ' DES-0165', ' ALA-0922', 0.0430275, 0.25, 0.0107569),
('PEN-00000464', 'SUB-0053', '3536850', 'KRI-0009', ' SAMSUDDIN', ' KEC-0013', ' DES-0165', ' ALA-0922', 0.039738, 0.0228535, 0.000908152),
('PEN-00000465', 'SUB-0058', '3536850', 'KRI-0010', ' SAMSUDDIN', ' KEC-0013', ' DES-0165', ' ALA-0922', 0.036814, 0.111111, 0.00409044),
('PEN-00000466', 'SUB-0073', '3536850', 'KRI-0014', ' SAMSUDDIN', ' KEC-0013', ' DES-0165', ' ALA-0922', 0.0275728, 0.611111, 0.01685),
('PEN-00000467', 'SUB-0081', '3536850', 'KRI-0015', ' SAMSUDDIN', ' KEC-0013', ' DES-0165', ' ALA-0922', 0.0256932, 0.0277778, 0.000713701),
('PEN-00000468', 'SUB-0089', '3536850', 'KRI-0016', ' SAMSUDDIN', ' KEC-0013', ' DES-0165', ' ALA-0922', 0.0239388, 0.0262346, 0.000628025),
('PEN-00000469', 'SUB-0062', '3536850', 'KRI-0011', ' SAMSUDDIN', ' KEC-0013', ' DES-0165', ' ALA-0922', 0.0341825, 0.0625, 0.00213641),
('PEN-00000470', 'SUB-0066', '3536850', 'KRI-0012', ' SAMSUDDIN', ' KEC-0013', ' DES-0165', ' ALA-0922', 0.0317901, 0.0625, 0.00198688),
('PEN-00000471', 'SUB-0071', '3536850', 'KRI-0013', ' SAMSUDDIN', ' KEC-0013', ' DES-0165', ' ALA-0922', 0.0295971, 0.0611111, 0.00180871),
('PEN-00000472', 'SUB-0092', '3536850', 'KRI-0017', ' SAMSUDDIN', ' KEC-0013', ' DES-0165', ' ALA-0922', 0.022294, 0.25, 0.0055735),
('PEN-00000473', 'SUB-0112', '3536850', 'KRI-0027', ' SAMSUDDIN', ' KEC-0013', ' DES-0165', ' ALA-0922', 0.00982848, 0.25, 0.00245712),
('PEN-00000474', 'SUB-0114', '3536850', 'KRI-0028', ' SAMSUDDIN', ' KEC-0013', ' DES-0165', ' ALA-0922', 0.00885382, 0.25, 0.00221346),
('PEN-00000475', 'SUB-0116', '3536850', 'KRI-0029', ' SAMSUDDIN', ' KEC-0013', ' DES-0165', ' ALA-0922', 0.00791397, 0.25, 0.00197849),
('PEN-00000476', 'SUB-0094', '3536850', 'KRI-0018', ' SAMSUDDIN', ' KEC-0013', ' DES-0165', ' ALA-0922', 0.020746, 0.25, 0.0051865),
('PEN-00000477', 'SUB-0117', '3536850', 'KRI-0030', ' SAMSUDDIN', ' KEC-0013', ' DES-0165', ' ALA-0922', 0.00700653, 0.75, 0.0052549),
('PEN-00000478', 'SUB-0120', '3536850', 'KRI-0031', ' SAMSUDDIN', ' KEC-0013', ' DES-0165', ' ALA-0922', 0.00612934, 0.25, 0.00153233),
('PEN-00000479', 'SUB-0096', '3536850', 'KRI-0019', ' SAMSUDDIN', ' KEC-0013', ' DES-0165', ' ALA-0922', 0.0192841, 0.25, 0.00482102),
('PEN-00000480', 'SUB-0098', '3536850', 'KRI-0020', ' SAMSUDDIN', ' KEC-0013', ' DES-0165', ' ALA-0922', 0.017899, 0.25, 0.00447475),
('PEN-00000481', 'SUB-0100', '3536850', 'KRI-0021', ' SAMSUDDIN', ' KEC-0013', ' DES-0165', ' ALA-0922', 0.0165832, 0.25, 0.0041458),
('PEN-00000482', 'SUB-0102', '3536850', 'KRI-0022', ' SAMSUDDIN', ' KEC-0013', ' DES-0165', ' ALA-0922', 0.0153301, 0.25, 0.00383253),
('PEN-00000483', 'SUB-0104', '3536850', 'KRI-0023', ' SAMSUDDIN', ' KEC-0013', ' DES-0165', ' ALA-0922', 0.0141339, 0.25, 0.00353348),
('PEN-00000484', 'SUB-0106', '3536850', 'KRI-0024', ' SAMSUDDIN', ' KEC-0013', ' DES-0165', ' ALA-0922', 0.0129898, 0.25, 0.00324745),
('PEN-00000485', 'SUB-0108', '3536850', 'KRI-0025', ' SAMSUDDIN', ' KEC-0013', ' DES-0165', ' ALA-0922', 0.0118933, 0.25, 0.00297333),
('PEN-00000486', 'SUB-0110', '3536850', 'KRI-0026', ' SAMSUDDIN', ' KEC-0013', ' DES-0165', ' ALA-0922', 0.0108406, 0.25, 0.00271015),
('PEN-00000487', 'SUB-0121', '3536850', 'KRI-0032', ' SAMSUDDIN', ' KEC-0013', ' DES-0165', ' ALA-0922', 0.00528044, 0.75, 0.00396033),
('PEN-00000488', 'SUB-0124', '3536850', 'KRI-0033', ' SAMSUDDIN', ' KEC-0013', ' DES-0165', ' ALA-0922', 0.00445807, 0.25, 0.00111452),
('PEN-00000489', 'SUB-0125', '3536850', 'KRI-0034', ' SAMSUDDIN', ' KEC-0013', ' DES-0165', ' ALA-0922', 0.00366063, 0.75, 0.00274547),
('PEN-00000490', 'SUB-0128', '3536850', 'KRI-0035', ' SAMSUDDIN', ' KEC-0013', ' DES-0165', ' ALA-0922', 0.00288663, 0.25, 0.000721657),
('PEN-00000491', 'SUB-0130', '3536850', 'KRI-0036', ' SAMSUDDIN', ' KEC-0013', ' DES-0165', ' ALA-0922', 0.00213475, 0.25, 0.000533687),
('PEN-00000492', 'SUB-0131', '3536850', 'KRI-0037', ' SAMSUDDIN', ' KEC-0013', ' DES-0165', ' ALA-0922', 0.00140376, 0.75, 0.00105282),
('PEN-00000493', 'SUB-0134', '3536850', 'KRI-0038', ' SAMSUDDIN', ' KEC-0013', ' DES-0165', ' ALA-0922', 0.000692521, 0.25, 0.00017313),
('PEN-00000494', 'SUB-0002', '3536850', 'KRI-0001', ' SAMSUDDIN', ' KEC-0013', ' DES-0165', ' ALA-0922', 0.111261, 0.277778, 0.0309059),
('PEN-00000495', 'SUB-0004', '3463859', 'KRI-0002', ' SYAMSUL ARIFIN', ' KEC-0014', ' DES-0175', ' ALA-0964', 0.0849448, 0.456667, 0.0387915),
('PEN-00000496', 'SUB-0009', '3463859', 'KRI-0003', ' SYAMSUL ARIFIN', ' KEC-0014', ' DES-0175', ' ALA-0964', 0.0717869, 0.520833, 0.037389),
('PEN-00000497', 'SUB-0016', '3463859', 'KRI-0004', ' SYAMSUL ARIFIN', ' KEC-0014', ' DES-0175', ' ALA-0964', 0.063015, 0.109563, 0.00690411),
('PEN-00000498', 'SUB-0025', '3463859', 'KRI-0005', ' SYAMSUL ARIFIN', ' KEC-0014', ' DES-0175', ' ALA-0964', 0.056436, 0.156122, 0.0088109),
('PEN-00000499', 'SUB-0041', '3463859', 'KRI-0007', ' SYAMSUL ARIFIN', ' KEC-0014', ' DES-0175', ' ALA-0964', 0.0467869, 0.25, 0.0116967),
('PEN-00000500', 'SUB-0033', '3463859', 'KRI-0006', ' SYAMSUL ARIFIN', ' KEC-0014', ' DES-0175', ' ALA-0964', 0.0511729, 0.109563, 0.00560666),
('PEN-00000501', 'SUB-0043', '3463859', 'KRI-0008', ' SYAMSUL ARIFIN', ' KEC-0014', ' DES-0175', ' ALA-0964', 0.0430275, 0.25, 0.0107569),
('PEN-00000502', 'SUB-0049', '3463859', 'KRI-0009', ' SYAMSUL ARIFIN', ' KEC-0014', ' DES-0175', ' ALA-0964', 0.039738, 0.0683231, 0.00271502),
('PEN-00000503', 'SUB-0058', '3463859', 'KRI-0010', ' SYAMSUL ARIFIN', ' KEC-0014', ' DES-0175', ' ALA-0964', 0.036814, 0.111111, 0.00409044),
('PEN-00000504', 'SUB-0073', '3463859', 'KRI-0014', ' SYAMSUL ARIFIN', ' KEC-0014', ' DES-0175', ' ALA-0964', 0.0275728, 0.611111, 0.01685),
('PEN-00000505', 'SUB-0076', '3463859', 'KRI-0015', ' SYAMSUL ARIFIN', ' KEC-0014', ' DES-0175', ' ALA-0964', 0.0256932, 0.408333, 0.0104914),
('PEN-00000506', 'SUB-0082', '3463859', 'KRI-0016', ' SYAMSUL ARIFIN', ' KEC-0014', ' DES-0175', ' ALA-0964', 0.0239388, 0.31433, 0.00752468),
('PEN-00000507', 'SUB-0060', '3463859', 'KRI-0011', ' SYAMSUL ARIFIN', ' KEC-0014', ' DES-0175', ' ALA-0964', 0.0341825, 0.270833, 0.00925775),
('PEN-00000508', 'SUB-0065', '3463859', 'KRI-0012', ' SYAMSUL ARIFIN', ' KEC-0014', ' DES-0175', ' ALA-0964', 0.0317901, 0.145833, 0.00463605),
('PEN-00000509', 'SUB-0069', '3463859', 'KRI-0013', ' SYAMSUL ARIFIN', ' KEC-0014', ' DES-0175', ' ALA-0964', 0.0295971, 0.158333, 0.0046862),
('PEN-00000510', 'SUB-0092', '3463859', 'KRI-0017', ' SYAMSUL ARIFIN', ' KEC-0014', ' DES-0175', ' ALA-0964', 0.022294, 0.25, 0.0055735),
('PEN-00000511', 'SUB-0112', '3463859', 'KRI-0027', ' SYAMSUL ARIFIN', ' KEC-0014', ' DES-0175', ' ALA-0964', 0.00982848, 0.25, 0.00245712),
('PEN-00000512', 'SUB-0114', '3463859', 'KRI-0028', ' SYAMSUL ARIFIN', ' KEC-0014', ' DES-0175', ' ALA-0964', 0.00885382, 0.25, 0.00221346),
('PEN-00000513', 'SUB-0116', '3463859', 'KRI-0029', ' SYAMSUL ARIFIN', ' KEC-0014', ' DES-0175', ' ALA-0964', 0.00791397, 0.25, 0.00197849),
('PEN-00000514', 'SUB-0094', '3463859', 'KRI-0018', ' SYAMSUL ARIFIN', ' KEC-0014', ' DES-0175', ' ALA-0964', 0.020746, 0.25, 0.0051865),
('PEN-00000515', 'SUB-0118', '3463859', 'KRI-0030', ' SYAMSUL ARIFIN', ' KEC-0014', ' DES-0175', ' ALA-0964', 0.00700653, 0.25, 0.00175163),
('PEN-00000516', 'SUB-0120', '3463859', 'KRI-0031', ' SYAMSUL ARIFIN', ' KEC-0014', ' DES-0175', ' ALA-0964', 0.0192841, 0.25, 0.00482102),
('PEN-00000517', 'SUB-0096', '3463859', 'KRI-0019', ' SYAMSUL ARIFIN', ' KEC-0014', ' DES-0175', ' ALA-0964', 0.0192841, 0.25, 0.00482102),
('PEN-00000518', 'SUB-0098', '3463859', 'KRI-0020', ' SYAMSUL ARIFIN', ' KEC-0014', ' DES-0175', ' ALA-0964', 0.017899, 0.25, 0.00447475),
('PEN-00000519', 'SUB-0100', '3463859', 'KRI-0021', ' SYAMSUL ARIFIN', ' KEC-0014', ' DES-0175', ' ALA-0964', 0.0165832, 0.25, 0.0041458),
('PEN-00000520', 'SUB-0102', '3463859', 'KRI-0022', ' SYAMSUL ARIFIN', ' KEC-0014', ' DES-0175', ' ALA-0964', 0.0153301, 0.25, 0.00383253),
('PEN-00000521', 'SUB-0104', '3463859', 'KRI-0023', ' SYAMSUL ARIFIN', ' KEC-0014', ' DES-0175', ' ALA-0964', 0.0141339, 0.25, 0.00353348),
('PEN-00000522', 'SUB-0106', '3463859', 'KRI-0024', ' SYAMSUL ARIFIN', ' KEC-0014', ' DES-0175', ' ALA-0964', 0.0129898, 0.25, 0.00324745),
('PEN-00000523', 'SUB-0108', '3463859', 'KRI-0025', ' SYAMSUL ARIFIN', ' KEC-0014', ' DES-0175', ' ALA-0964', 0.0118933, 0.25, 0.00297333),
('PEN-00000524', 'SUB-0110', '3463859', 'KRI-0026', ' SYAMSUL ARIFIN', ' KEC-0014', ' DES-0175', ' ALA-0964', 0.0108406, 0.25, 0.00271015),
('PEN-00000525', 'SUB-0121', '3463859', 'KRI-0032', ' SYAMSUL ARIFIN', ' KEC-0014', ' DES-0175', ' ALA-0964', 0.00528044, 0.75, 0.00396033),
('PEN-00000526', 'SUB-0124', '3463859', 'KRI-0033', ' SYAMSUL ARIFIN', ' KEC-0014', ' DES-0175', ' ALA-0964', 0.00445807, 0.25, 0.00111452),
('PEN-00000527', 'SUB-0125', '3463859', 'KRI-0034', ' SYAMSUL ARIFIN', ' KEC-0014', ' DES-0175', ' ALA-0964', 0.00366063, 0.75, 0.00274547),
('PEN-00000528', 'SUB-0128', '3463859', 'KRI-0035', ' SYAMSUL ARIFIN', ' KEC-0014', ' DES-0175', ' ALA-0964', 0.00288663, 0.25, 0.000721657),
('PEN-00000529', 'SUB-0130', '3463859', 'KRI-0036', ' SYAMSUL ARIFIN', ' KEC-0014', ' DES-0175', ' ALA-0964', 0.00213475, 0.25, 0.000533687),
('PEN-00000530', 'SUB-0131', '3463859', 'KRI-0037', ' SYAMSUL ARIFIN', ' KEC-0014', ' DES-0175', ' ALA-0964', 0.00140376, 0.75, 0.00105282),
('PEN-00000531', 'SUB-0134', '3463859', 'KRI-0038', ' SYAMSUL ARIFIN', ' KEC-0014', ' DES-0175', ' ALA-0964', 0.000692521, 0.25, 0.00017313),
('PEN-00000532', 'SUB-0001', '3463859', 'KRI-0001', ' SYAMSUL ARIFIN', ' KEC-0014', ' DES-0175', ' ALA-0964', 0.111261, 0.611111, 0.0679928);

-- --------------------------------------------------------

--
-- Struktur dari tabel `subkriteria`
--

CREATE TABLE IF NOT EXISTS `subkriteria` (
  `ID_SUBKRITERIA` varchar(25) NOT NULL,
  `ID_KRITERIA` varchar(25) NOT NULL,
  `NAMA_SUBKRITERIA` varchar(100) DEFAULT NULL,
  `RANK_SUBKRITERIA` int(11) DEFAULT NULL,
  `BOBOT_SUBKRITERIA` float DEFAULT NULL
) ENGINE=InnoDB DEFAULT CHARSET=latin1;

--
-- Dumping data untuk tabel `subkriteria`
--

INSERT INTO `subkriteria` (`ID_SUBKRITERIA`, `ID_KRITERIA`, `NAMA_SUBKRITERIA`, `RANK_SUBKRITERIA`, `BOBOT_SUBKRITERIA`) VALUES
('SUB-0001', 'KRI-0001', 'Rumah tangga/individu dengan kondisi kesejahteraan sampai dengan 10% terendah', 1, 0.611111),
('SUB-0002', 'KRI-0001', 'Rumah tangga/individu dengan kondisi kesejahteraan antara 11%-20% terendah', 2, 0.277778),
('SUB-0003', 'KRI-0001', 'Rumah tangga /individu dengan kondisi kesejahteraan antara 21%-30% terendah', 3, 0.111111),
('SUB-0004', 'KRI-0002', 'Milik sendiri', 1, 0.456667),
('SUB-0005', 'KRI-0002', 'Kontrak/sewa', 2, 0.256667),
('SUB-0006', 'KRI-0002', 'Bebas sewa', 3, 0.156667),
('SUB-0007', 'KRI-0002', 'Dinas', 4, 0.09),
('SUB-0008', 'KRI-0002', 'Lainnya', 5, 0.04),
('SUB-0009', 'KRI-0003', 'Milik sendiri', 1, 0.520833),
('SUB-0010', 'KRI-0003', 'Milik orang lain', 2, 0.270833),
('SUB-0011', 'KRI-0003', 'Tanah negara', 3, 0.145833),
('SUB-0012', 'KRI-0003', 'Lainnya', 4, 0.0625),
('SUB-0013', 'KRI-0004', 'Marmer/granit', 1, 0.292897),
('SUB-0014', 'KRI-0004', 'Keramik', 2, 0.192897),
('SUB-0015', 'KRI-0004', 'Paket/vinil/permadani', 3, 0.142897),
('SUB-0016', 'KRI-0004', 'Ubin/tegel/teraso', 4, 0.109563),
('SUB-0017', 'KRI-0004', 'Kayu/papan kualitas tinggi', 5, 0.0845635),
('SUB-0018', 'KRI-0004', 'Semen/bata merah', 6, 0.0645635),
('SUB-0019', 'KRI-0004', 'Bambu', 7, 0.0478968),
('SUB-0020', 'KRI-0004', 'Kayu / papan kualitas rendah', 8, 0.0336111),
('SUB-0021', 'KRI-0004', 'Tanah', 9, 0.0211111),
('SUB-0022', 'KRI-0004', 'Lainnya', 10, 0.01),
('SUB-0023', 'KRI-0005', 'Tembok', 1, 0.370408),
('SUB-0024', 'KRI-0005', 'Plesteran anyaman bambu/kawat', 2, 0.227551),
('SUB-0025', 'KRI-0005', 'Kayu', 3, 0.156122),
('SUB-0026', 'KRI-0005', 'Anyaman bambu', 4, 0.108503),
('SUB-0027', 'KRI-0005', 'Batang kayu', 5, 0.0727891),
('SUB-0028', 'KRI-0005', 'Bambu', 6, 0.0442177),
('SUB-0029', 'KRI-0005', 'Lainnya', 7, 0.0204082),
('SUB-0030', 'KRI-0006', 'Beton/gentengbeton', 1, 0.292897),
('SUB-0031', 'KRI-0006', 'Genteng keramin', 2, 0.192897),
('SUB-0032', 'KRI-0006', 'Genteng metal', 3, 0.142897),
('SUB-0033', 'KRI-0006', 'Genteng tanah liat', 4, 0.109563),
('SUB-0034', 'KRI-0006', 'Asbes', 5, 0.0845635),
('SUB-0035', 'KRI-0006', 'Seng', 6, 0.0645635),
('SUB-0036', 'KRI-0006', 'Sirap', 7, 0.0478968),
('SUB-0037', 'KRI-0006', 'Bambu', 8, 0.0336111),
('SUB-0038', 'KRI-0006', 'Jerami/ijuk/daundaunan/rumbia', 9, 0.0211111),
('SUB-0039', 'KRI-0006', 'Lainnya', 10, 0.01),
('SUB-0040', 'KRI-0007', 'Bagus/kualitas tinggi', 1, 0.75),
('SUB-0041', 'KRI-0007', 'Jelek/kualitas rendah', 2, 0.25),
('SUB-0042', 'KRI-0008', 'Bagus/kualitas tinggi', 1, 0.75),
('SUB-0043', 'KRI-0008', 'Jelek/kualitas rendah', 2, 0.25),
('SUB-0044', 'KRI-0009', 'Air kemasan bermerk', 1, 0.258601),
('SUB-0045', 'KRI-0009', 'Air isiulang', 2, 0.175268),
('SUB-0046', 'KRI-0009', 'Ledeng meteran', 3, 0.133601),
('SUB-0047', 'KRI-0009', 'Ledeng eceran', 4, 0.105823),
('SUB-0048', 'KRI-0009', 'Sumur bor/pompa', 5, 0.0849898),
('SUB-0049', 'KRI-0009', 'Sumur terlindung', 6, 0.0683231),
('SUB-0050', 'KRI-0009', 'Sumur tak terlindung', 7, 0.0544342),
('SUB-0051', 'KRI-0009', 'Mata air terlindungi', 8, 0.0425295),
('SUB-0052', 'KRI-0009', 'Mata air tak terlindungi', 9, 0.0321128),
('SUB-0053', 'KRI-0009', 'Air sungai/danau/ waduk', 10, 0.0228535),
('SUB-0054', 'KRI-0009', 'Air hujan', 11, 0.0145202),
('SUB-0055', 'KRI-0009', 'Lainnya', 12, 0.00694444),
('SUB-0056', 'KRI-0010', 'Membeli eceran', 1, 0.611111),
('SUB-0057', 'KRI-0010', 'Langganan', 2, 0.277778),
('SUB-0058', 'KRI-0010', 'Tidak membeli', 3, 0.111111),
('SUB-0059', 'KRI-0011', 'Sendiri', 1, 0.520833),
('SUB-0060', 'KRI-0011', 'Bersama', 2, 0.270833),
('SUB-0061', 'KRI-0011', 'Umum', 3, 0.145833),
('SUB-0062', 'KRI-0011', 'Tidak ada', 4, 0.0625),
('SUB-0063', 'KRI-0012', 'Leher angsa', 1, 0.520833),
('SUB-0064', 'KRI-0012', 'Plengsengan', 2, 0.270833),
('SUB-0065', 'KRI-0012', 'Cemplung/cubluk', 3, 0.145833),
('SUB-0066', 'KRI-0012', 'Tidak pakai', 4, 0.0625),
('SUB-0067', 'KRI-0013', 'Tangki', 1, 0.408333),
('SUB-0068', 'KRI-0013', 'SPAL', 2, 0.241667),
('SUB-0069', 'KRI-0013', 'Lubang tanah', 3, 0.158333),
('SUB-0070', 'KRI-0013', 'Kolam/sawah/sungai/danau/laut', 4, 0.102778),
('SUB-0071', 'KRI-0013', 'Pantai/tanah lapang/kebun', 5, 0.0611111),
('SUB-0072', 'KRI-0013', 'Lainnya', 6, 0.0277778),
('SUB-0073', 'KRI-0014', 'Listrik PLN', 1, 0.611111),
('SUB-0074', 'KRI-0014', 'Listrik non PLN', 2, 0.277778),
('SUB-0075', 'KRI-0014', 'Bukan listrik', 3, 0.111111),
('SUB-0076', 'KRI-0015', '450 watt', 1, 0.408333),
('SUB-0077', 'KRI-0015', '900 watt', 2, 0.241667),
('SUB-0078', 'KRI-0015', '1300 watt', 3, 0.158333),
('SUB-0079', 'KRI-0015', '2200 watt', 4, 0.102778),
('SUB-0080', 'KRI-0015', '>2200 watt', 5, 0.0611111),
('SUB-0081', 'KRI-0015', 'Tanpa meteran', 6, 0.0277778),
('SUB-0082', 'KRI-0016', 'Listrik', 1, 0.31433),
('SUB-0083', 'KRI-0016', 'Gas>3kg', 2, 0.203219),
('SUB-0084', 'KRI-0016', 'Gas 3 kg', 3, 0.147663),
('SUB-0085', 'KRI-0016', 'Gas kota/biogas', 4, 0.110626),
('SUB-0086', 'KRI-0016', 'Minyak tanah', 5, 0.0828483),
('SUB-0087', 'KRI-0016', 'Briket', 6, 0.0606261),
('SUB-0088', 'KRI-0016', 'Arang', 7, 0.0421076),
('SUB-0089', 'KRI-0016', 'Kayu bakar', 8, 0.0262346),
('SUB-0090', 'KRI-0016', 'Tidak memasak di rumah', 9, 0.0123457),
('SUB-0091', 'KRI-0017', 'Ya', 1, 0.75),
('SUB-0092', 'KRI-0017', 'Tidak', 2, 0.25),
('SUB-0093', 'KRI-0018', 'Ya', 1, 0.75),
('SUB-0094', 'KRI-0018', 'Tidak', 2, 0.25),
('SUB-0095', 'KRI-0019', 'Ya', 1, 0.75),
('SUB-0096', 'KRI-0019', 'Tidak', 2, 0.25),
('SUB-0097', 'KRI-0020', 'Ya', 1, 0.75),
('SUB-0098', 'KRI-0020', 'Tidak', 2, 0.25),
('SUB-0099', 'KRI-0021', 'Ya', 1, 0.75),
('SUB-0100', 'KRI-0021', 'Tidak', 2, 0.25),
('SUB-0101', 'KRI-0022', 'Ya', 1, 0.75),
('SUB-0102', 'KRI-0022', 'Tidak', 2, 0.25),
('SUB-0103', 'KRI-0023', 'Ya', 1, 0.75),
('SUB-0104', 'KRI-0023', 'Tidak', 2, 0.25),
('SUB-0105', 'KRI-0024', 'Ya', 1, 0.75),
('SUB-0106', 'KRI-0024', 'Tidak', 2, 0.25),
('SUB-0107', 'KRI-0025', 'Ya', 1, 0.75),
('SUB-0108', 'KRI-0025', 'Tidak', 2, 0.25),
('SUB-0109', 'KRI-0026', 'Ya', 1, 0.75),
('SUB-0110', 'KRI-0026', 'Tidak', 2, 0.25),
('SUB-0111', 'KRI-0027', 'Ya', 1, 0.75),
('SUB-0112', 'KRI-0027', 'Tidak', 2, 0.25),
('SUB-0113', 'KRI-0028', 'Ya', 1, 0.75),
('SUB-0114', 'KRI-0028', 'Tidak', 2, 0.25),
('SUB-0115', 'KRI-0029', 'Ya', 1, 0.75),
('SUB-0116', 'KRI-0029', 'Tidak', 2, 0.25),
('SUB-0117', 'KRI-0030', 'YA', 1, 0.75),
('SUB-0118', 'KRI-0030', 'Tidak', 2, 0.25),
('SUB-0119', 'KRI-0031', 'Ya', 1, 0.75),
('SUB-0120', 'KRI-0031', 'Tidak', 2, 0.25),
('SUB-0121', 'KRI-0032', 'Ya', 1, 0.75),
('SUB-0122', 'KRI-0032', 'Tidak', 2, 0.25),
('SUB-0123', 'KRI-0033', 'YA', 1, 0.75),
('SUB-0124', 'KRI-0033', 'Tidak', 2, 0.25),
('SUB-0125', 'KRI-0034', 'Ya', 1, 0.75),
('SUB-0126', 'KRI-0034', 'Tidak', 2, 0.25),
('SUB-0127', 'KRI-0035', 'Ya', 1, 0.75),
('SUB-0128', 'KRI-0035', 'Tidak', 2, 0.25),
('SUB-0129', 'KRI-0036', 'Ya', 1, 0.75),
('SUB-0130', 'KRI-0036', 'Tidak', 2, 0.25),
('SUB-0131', 'KRI-0037', 'Ya', 1, 0.75),
('SUB-0132', 'KRI-0037', 'Tidak', 2, 0.25),
('SUB-0133', 'KRI-0038', 'Ya', 1, 0.75),
('SUB-0134', 'KRI-0038', 'Tidak', 2, 0.25);

-- --------------------------------------------------------

--
-- Struktur dari tabel `user`
--

CREATE TABLE IF NOT EXISTS `user` (
  `USER_NAME` varchar(25) NOT NULL DEFAULT '',
  `PASSWORD` varchar(25) DEFAULT NULL,
  `LEVEL` varchar(25) DEFAULT NULL
) ENGINE=InnoDB DEFAULT CHARSET=latin1;

--
-- Dumping data untuk tabel `user`
--

INSERT INTO `user` (`USER_NAME`, `PASSWORD`, `LEVEL`) VALUES
('3460569', '3460569', 'User'),
('3463859', '3463859', 'User'),
('3467637', '3467637', 'User'),
('3474003', '3474003', 'User'),
('3491049', '3491049', 'User'),
('3504643', '3504643', 'User'),
('3512922', '3512922', 'User'),
('3523546', '3523546', 'User'),
('3536850', '3536850', 'User'),
('3546037', '3546037', 'User'),
('3550479', '3550479', 'User'),
('3560050', '3560050', 'User'),
('3585347', '3585347', 'User'),
('3588210', '3588210', 'User'),
('aa', 'aa', 'User'),
('admin', 'admin', 'Admin');

-- --------------------------------------------------------

--
-- Stand-in structure for view `v_penilaian`
--
CREATE TABLE IF NOT EXISTS `v_penilaian` (
`ID_KELUARGA` varchar(25)
,`KEPALA_KELUARGA` varchar(20)
,`KEC_ID` varchar(25)
,`DES_ID` varchar(25)
,`DUS_ID` varchar(25)
,`RECORD` bigint(21)
,`TOTAL` double
);
-- --------------------------------------------------------

--
-- Struktur untuk view `v_penilaian`
--
DROP TABLE IF EXISTS `v_penilaian`;

CREATE ALGORITHM=UNDEFINED DEFINER=`root`@`localhost` SQL SECURITY DEFINER VIEW `v_penilaian` AS select `m1`.`ID_KELUARGA` AS `ID_KELUARGA`,`m2`.`KEPALA_KELUARGA` AS `KEPALA_KELUARGA`,`m1`.`KEC_ID` AS `KEC_ID`,`m1`.`DES_ID` AS `DES_ID`,`m1`.`DUS_ID` AS `DUS_ID`,count(`m2`.`JUMLAH`) AS `RECORD`,sum(`m2`.`JUMLAH`) AS `TOTAL` from (`keluarga` `m1` join `penilaian` `m2`) where (`m1`.`ID_KELUARGA` = `m2`.`ID_KELUARGA`) group by `m2`.`ID_KELUARGA`;

--
-- Indexes for dumped tables
--

--
-- Indexes for table `desa`
--
ALTER TABLE `desa`
 ADD PRIMARY KEY (`DES_ID`), ADD KEY `FK_RELASI_5` (`KEC_ID`);

--
-- Indexes for table `dusun`
--
ALTER TABLE `dusun`
 ADD PRIMARY KEY (`DUS_ID`), ADD KEY `FK_RELASI_6` (`DES_ID`);

--
-- Indexes for table `kecamatan`
--
ALTER TABLE `kecamatan`
 ADD PRIMARY KEY (`KEC_ID`);

--
-- Indexes for table `keluarga`
--
ALTER TABLE `keluarga`
 ADD PRIMARY KEY (`ID_KELUARGA`), ADD KEY `FK_RELASI_7` (`DES_ID`), ADD KEY `FK_RELASI_8` (`KEC_ID`), ADD KEY `FK_RELASI_9` (`DUS_ID`);

--
-- Indexes for table `kriteria`
--
ALTER TABLE `kriteria`
 ADD PRIMARY KEY (`ID_KRITERIA`);

--
-- Indexes for table `penilaian`
--
ALTER TABLE `penilaian`
 ADD PRIMARY KEY (`ID_PENILAIAN`), ADD KEY `FK_RELASI_2` (`ID_KRITERIA`), ADD KEY `FK_RELASI_3` (`ID_SUBKRITERIA`), ADD KEY `FK_RELASI_4` (`ID_KELUARGA`);

--
-- Indexes for table `subkriteria`
--
ALTER TABLE `subkriteria`
 ADD PRIMARY KEY (`ID_SUBKRITERIA`), ADD KEY `FK_RELASI_1` (`ID_KRITERIA`);

--
-- Indexes for table `user`
--
ALTER TABLE `user`
 ADD PRIMARY KEY (`USER_NAME`);

--
-- Ketidakleluasaan untuk tabel pelimpahan (Dumped Tables)
--

--
-- Ketidakleluasaan untuk tabel `desa`
--
ALTER TABLE `desa`
ADD CONSTRAINT `FK_RELASI_5` FOREIGN KEY (`KEC_ID`) REFERENCES `kecamatan` (`KEC_ID`) ON DELETE CASCADE ON UPDATE CASCADE;

--
-- Ketidakleluasaan untuk tabel `dusun`
--
ALTER TABLE `dusun`
ADD CONSTRAINT `FK_RELASI_6` FOREIGN KEY (`DES_ID`) REFERENCES `desa` (`DES_ID`) ON DELETE CASCADE ON UPDATE CASCADE;

--
-- Ketidakleluasaan untuk tabel `keluarga`
--
ALTER TABLE `keluarga`
ADD CONSTRAINT `FK_RELASI_7` FOREIGN KEY (`DES_ID`) REFERENCES `desa` (`DES_ID`) ON DELETE CASCADE ON UPDATE CASCADE,
ADD CONSTRAINT `FK_RELASI_8` FOREIGN KEY (`KEC_ID`) REFERENCES `kecamatan` (`KEC_ID`) ON DELETE CASCADE ON UPDATE CASCADE,
ADD CONSTRAINT `FK_RELASI_9` FOREIGN KEY (`DUS_ID`) REFERENCES `dusun` (`DUS_ID`) ON DELETE CASCADE ON UPDATE CASCADE;

--
-- Ketidakleluasaan untuk tabel `penilaian`
--
ALTER TABLE `penilaian`
ADD CONSTRAINT `FK_RELASI_2` FOREIGN KEY (`ID_KRITERIA`) REFERENCES `kriteria` (`ID_KRITERIA`) ON DELETE CASCADE ON UPDATE CASCADE,
ADD CONSTRAINT `FK_RELASI_3` FOREIGN KEY (`ID_SUBKRITERIA`) REFERENCES `subkriteria` (`ID_SUBKRITERIA`) ON DELETE CASCADE ON UPDATE CASCADE,
ADD CONSTRAINT `FK_RELASI_4` FOREIGN KEY (`ID_KELUARGA`) REFERENCES `keluarga` (`ID_KELUARGA`) ON DELETE CASCADE ON UPDATE CASCADE;

--
-- Ketidakleluasaan untuk tabel `subkriteria`
--
ALTER TABLE `subkriteria`
ADD CONSTRAINT `FK_RELASI_1` FOREIGN KEY (`ID_KRITERIA`) REFERENCES `kriteria` (`ID_KRITERIA`) ON DELETE CASCADE ON UPDATE CASCADE;

/*!40101 SET CHARACTER_SET_CLIENT=@OLD_CHARACTER_SET_CLIENT */;
/*!40101 SET CHARACTER_SET_RESULTS=@OLD_CHARACTER_SET_RESULTS */;
/*!40101 SET COLLATION_CONNECTION=@OLD_COLLATION_CONNECTION */;
